Match_Key,Home_Team,Home_Possession,Home_Fouls,Home_Corners,Home_Crosses,Home_Aerials_Won,Home_Clearances,Home_Offsides,Home_Goal_Kicks,Home_Throw_Ins,Home_Long_Balls,Home_Gls,Home_Ast,Home_PK,Home_PK_Att,Home_Sh,Home_SoT,Home_CrdY,Home_CrdR,Home_Touches,Home_Tkl,Home_Int,Home_Blocks,Home_xG,Home_npxG,Home_xAG,Home_SCA,Home_GCA,Home_Cmp_Passes,Home_Att_Passes,Home_Cmp_percent_Passes,Home_PrgP_Passes,Home_Carries_Carries,Home_PrgC_Carries,Home_Att_Take_Ons,Home_Succ_Take_Ons,Away_Team,Away_Possession,Away_Fouls,Away_Corners,Away_Crosses,Away_Aerials_Won,Away_Clearances,Away_Offsides,Away_Goal_Kicks,Away_Throw_Ins,Away_Long_Balls,Away_Gls,Away_Ast,Away_PK,Away_PK_Att,Away_Sh,Away_SoT,Away_CrdY,Away_CrdR,Away_Touches,Away_Tkl,Away_Int,Away_Blocks,Away_xG,Away_npxG,Away_xAG,Away_SCA,Away_GCA,Away_Cmp_Passes,Away_Att_Passes,Away_Cmp_percent_Passes,Away_PrgP_Passes,Away_Carries_Carries,Away_PrgC_Carries,Away_Att_Take_Ons,Away_Succ_Take_Ons,Home_Attack,Home_Midfield,Home_Defense,Away_Attack,Away_Midfield,Away_Defense,Home_Score,Away_Score,Match_Date,Result,Home_Team_Index,Away_Team_Index,rawPrediction,probability,prediction,Result_Predict
12630,136,45.5,9.0,5.0,18.0,14.5,16.5,1.0,12.0,13.5,63.0,0.0,0.0,0.0,0.0,12.0,2.5,1.0,0.5,534.5,18.0,8.5,8.5,0.55,0.55,0.5,23.0,0.0,357.0,440.5,81.15,25.5,296.5,13.0,14.0,6.0,122,56.0,11.5,6.0,13.5,8.5,24.0,1.0,7.5,19.5,58.0,2.0,1.5,0.0,0.0,13.0,3.5,2.5,0.5,690.0,18.5,4.5,11.0,0.95,0.95,0.75,23.5,4.0,497.5,574.5,86.4,40.5,416.0,16.0,21.5,10.0,73.66666666666667,74.33333333333333,74.1,74.44444444444444,71.68181818181819,71.27272727272727,0.0,0.0,20240503.0,Draw,36.0,42.0,"[0.3317431192434843,-0.6272809327753515,0.2955378135318687]","[0.42594716451813475,0.1632513862349806,0.4108014492468847]",0.0,Win
12629,131,40.0,13.0,2.0,11.0,15.5,19.5,2.0,8.5,18.5,62.5,0.5,0.0,0.5,0.5,7.0,2.0,1.5,0.0,490.5,13.5,6.5,14.0,1.0,0.6,0.4,12.5,1.0,308.0,393.0,78.05,18.0,265.0,8.5,16.0,7.5,127,31.5,13.0,2.0,11.5,12.0,39.0,0.5,8.5,15.0,67.0,2.0,1.0,1.0,1.0,8.5,4.0,2.0,0.0,430.0,12.0,8.0,8.5,1.65,0.8500000000000001,0.7,13.5,3.5,240.0,314.5,73.45,20.5,199.0,13.5,9.0,1.0,71.6,72.625,71.07142857142857,69.0,71.44444444444444,70.625,3.0,0.0,20240429.0,Win,60.0,55.0,"[-0.11667907581318948,-0.45078305624312875,0.5674621320563191]","[0.2704129131006233,0.19361005648517943,0.5359770304141973]",2.0,Draw
12628,130,65.5,9.5,5.5,21.0,16.5,13.5,1.5,4.5,21.5,63.0,1.5,1.5,0.0,0.0,16.0,5.0,2.5,0.0,665.0,8.5,7.5,6.5,1.85,1.85,1.4500000000000002,28.5,3.0,473.0,569.0,83.15,45.0,365.5,27.0,19.5,13.0,126,44.0,11.0,5.5,15.5,18.0,22.0,0.5,9.5,24.0,72.5,1.5,1.0,0.0,0.0,10.0,4.0,2.0,0.0,476.5,16.5,9.0,10.0,0.8999999999999999,0.8999999999999999,0.4,16.5,2.5,258.5,378.0,68.1,36.5,219.0,12.5,17.0,8.5,76.81818181818181,76.17647058823529,73.0,70.0,71.07142857142857,71.375,5.0,1.0,20240428.0,Win,41.0,43.0,"[0.6299330259732527,-0.6841172232313952,0.0541841972581405]","[0.5461457420336018,0.14676543289687638,0.3070888250695217]",0.0,Win
12627,135,69.5,11.5,7.0,22.5,15.5,12.5,1.5,8.0,26.0,68.0,1.0,1.0,0.0,0.0,14.5,4.5,2.5,0.5,760.0,13.0,6.5,7.5,1.4,1.4,1.3,26.5,1.5,555.5,664.0,83.7,49.5,425.5,25.5,21.5,8.5,129,62.5,9.0,8.0,26.0,12.5,12.0,1.0,5.5,19.0,47.5,1.5,1.0,0.0,0.0,16.5,4.5,3.5,0.0,743.5,16.5,7.5,9.5,1.75,1.75,1.0,25.0,2.5,551.5,648.0,85.0,54.0,435.0,19.5,13.0,5.5,79.16666666666667,76.33333333333333,77.0,77.1,76.04761904761905,77.15384615384616,2.0,2.0,20240428.0,Draw,40.0,40.0,"[0.6431445474433617,-0.21878048222454716,-0.42436406521881254]","[0.5661833145398835,0.23912654131310357,0.19469014414701305]",0.0,Win
12626,119,50.5,9.5,6.5,17.5,20.5,15.5,1.5,8.5,24.0,66.0,2.0,2.0,0.0,0.0,14.0,7.5,1.0,0.0,606.0,18.5,6.5,15.5,1.5,1.5,1.4,25.0,4.0,376.5,490.5,76.80000000000001,47.5,328.5,16.5,14.5,8.0,137,36.5,14.5,2.5,12.5,16.0,29.5,2.0,6.5,16.5,69.5,0.5,0.5,0.0,0.0,5.0,0.5,1.0,0.0,421.5,17.5,9.0,13.5,0.5,0.5,0.25,9.0,1.0,219.5,311.5,70.44999999999999,21.0,173.5,10.0,11.0,4.5,78.0,76.84210526315789,73.93333333333334,72.0,71.47058823529412,69.9090909090909,2.0,0.0,20240428.0,Win,20.0,70.0,"[1.0054871946987087,-0.9203509566734485,-0.08513623802525971]","[0.6748728994134641,0.0983651155668212,0.22676198501971476]",0.0,Win
12624,121,55.5,7.5,5.0,22.0,9.5,19.0,4.0,9.0,12.5,52.5,2.0,1.0,0.5,0.5,12.5,4.5,1.0,0.5,677.5,13.5,6.0,7.5,2.05,1.65,1.4500000000000002,23.0,3.5,510.0,591.5,85.95,43.5,431.5,25.0,10.0,4.0,136,50.5,14.0,6.0,27.0,18.0,14.0,1.0,7.5,15.5,70.0,0.0,0.0,0.0,0.0,13.0,2.0,2.5,0.0,542.0,18.0,5.0,7.5,0.6,0.6,0.5,24.5,0.0,354.5,449.0,79.0,31.5,275.5,20.0,15.0,4.5,81.6,79.26315789473684,80.58333333333333,73.63636363636364,74.46666666666667,74.18181818181819,2.0,0.0,20240428.0,Win,34.0,41.0,"[1.2945588589535828,-1.1707895749112782,-0.12376928404230547]","[0.7535240281999656,0.06403388987330254,0.18244208192673197]",0.0,Win
12625,122,54.5,12.5,6.0,13.5,7.0,21.5,1.0,6.0,21.5,54.5,1.5,1.5,0.0,0.0,14.0,5.0,3.0,0.0,643.5,13.5,6.5,11.5,1.6,1.6,1.45,26.0,3.0,465.0,544.5,85.4,51.0,388.0,19.0,16.5,8.0,120,37.5,13.5,5.0,14.5,18.5,36.5,3.5,7.0,16.0,58.5,0.5,0.0,0.0,0.0,13.5,2.0,2.5,0.0,452.0,15.0,7.0,17.5,1.2,1.2,0.8,22.0,0.5,224.5,318.5,70.44999999999999,23.0,193.0,10.5,11.5,4.0,75.14285714285714,71.68181818181819,71.5,73.6,73.33333333333333,70.1875,1.0,1.0,20240428.0,Draw,44.0,47.0,"[0.4075380162327358,-0.4128636125210967,0.005325596288361267]","[0.47413735848709154,0.2087412479364656,0.317121393576443]",0.0,Win
12621,141,49.5,15.5,7.0,17.0,23.5,22.5,1.5,7.5,25.0,89.5,2.0,2.0,0.0,0.0,14.0,7.0,0.5,0.0,492.5,15.5,4.0,9.0,2.5,2.5,2.1,26.5,4.0,279.5,395.0,70.65,19.5,254.5,12.5,14.0,9.5,145,48.0,13.5,1.0,8.0,12.5,24.0,0.0,7.5,21.0,65.5,0.5,0.5,0.0,0.0,10.5,1.0,3.5,0.0,577.0,12.5,10.0,12.0,0.75,0.75,0.65,19.0,1.0,398.5,476.5,83.2,22.5,287.5,16.0,17.5,10.5,71.36363636363636,68.9,71.125,70.7,72.75,73.63636363636364,1.0,1.0,20240427.0,Draw,83.0,90.0,"[-0.4555330657671499,0.23336734732783704,0.22216571843931288]","[0.2015777445460366,0.40144701179827363,0.39697524365568976]",1.0,Lose
12623,125,63.0,14.0,9.0,17.0,14.5,10.0,3.0,4.5,17.5,67.0,2.5,1.5,0.0,0.0,15.0,3.5,1.0,0.0,771.5,18.0,7.5,8.0,1.5,1.5,1.15,25.5,3.5,586.0,687.5,85.25,41.5,447.5,20.5,10.5,5.0,118,47.0,14.0,7.0,26.0,25.0,25.5,1.0,11.0,32.5,96.5,1.5,1.5,0.0,0.0,14.5,4.5,2.0,0.0,530.5,13.5,8.0,15.5,1.2,1.2,0.95,26.0,3.0,269.5,397.0,67.9,27.5,194.0,8.0,17.0,5.5,77.28571428571429,78.4,77.7,72.14285714285714,70.61538461538461,71.5,1.0,0.0,20240427.0,Win,35.0,58.0,"[1.2484839390487354,-1.0372016335868914,-0.21128230546184446]","[0.7496280644914939,0.0762404069344814,0.17413152857402472]",0.0,Win
12622,117,63.0,13.0,2.5,21.0,12.5,15.5,2.0,7.5,20.0,55.5,0.5,0.0,0.0,0.0,9.5,3.0,2.5,0.0,654.0,13.0,3.0,8.5,0.95,0.95,0.85,18.5,1.0,473.5,566.0,83.65,49.0,324.0,19.0,14.0,6.0,132,59.5,14.0,5.5,19.0,14.0,7.5,2.0,5.5,17.0,50.5,2.0,1.0,0.0,0.0,19.0,6.5,2.0,1.0,657.5,12.0,6.5,9.0,2.65,2.65,1.5,32.5,3.5,481.0,566.5,84.9,47.0,426.0,33.0,21.0,10.5,77.71428571428571,77.3157894736842,78.0,81.375,76.54545454545455,69.27272727272727,0.0,0.0,20240427.0,Draw,33.0,17.0,"[0.2770324926939143,-0.18698709412033176,-0.09004539857358251]","[0.43075469227982843,0.27083754652457864,0.29840776119559287]",0.0,Win
12620,139,40.5,15.5,3.0,12.0,18.0,26.0,2.0,8.5,17.5,58.0,1.0,1.0,0.0,0.5,12.0,4.0,1.5,0.0,473.5,17.5,4.0,11.5,1.5,1.1,0.95,21.0,1.0,266.5,361.0,73.4,30.0,246.0,14.5,16.5,6.0,144,31.5,11.5,1.0,9.5,17.5,23.5,1.5,8.5,15.5,71.0,0.5,0.5,0.0,0.0,6.5,3.0,1.5,0.0,409.0,13.5,8.0,9.5,0.4,0.4,0.35,10.5,1.0,211.5,312.0,66.05000000000001,14.5,192.5,6.5,15.0,6.0,67.66666666666667,68.75,69.0909090909091,69.71428571428571,68.94736842105263,71.27272727272727,3.0,0.0,20240426.0,Win,92.0,82.0,"[-0.10662315749116624,-0.12937395210654623,0.23599710959771225]","[0.29532153319735766,0.28867858633911697,0.4159998804635255]",2.0,Draw
12609,120,35.5,11.5,3.0,10.0,23.5,40.0,2.5,11.0,19.0,60.5,0.5,0.5,0.0,0.0,10.5,1.0,1.5,0.0,422.5,11.5,5.5,14.0,0.9,0.9,0.6,15.5,1.0,196.5,294.5,65.8,17.5,173.0,8.5,10.5,3.5,129,49.5,11.0,5.5,21.5,13.0,16.5,0.5,7.0,19.0,60.5,1.0,0.5,0.0,0.0,14.5,3.5,5.0,0.0,604.5,14.5,9.0,11.0,1.35,1.35,0.8,25.5,1.5,409.5,501.0,81.3,35.0,370.0,17.5,12.5,6.5,73.6,73.33333333333333,70.41176470588235,79.3,77.54545454545455,77.58823529411765,1.0,2.0,20240425.0,Lose,43.0,40.0,"[-0.26529158401637165,0.31817334737249237,-0.05288176335612005]","[0.24820718381396584,0.44484626358703305,0.30694655259900105]",1.0,Lose
12618,129,53.0,13.0,3.5,17.0,15.0,20.5,0.5,10.5,20.5,69.0,0.5,0.5,0.0,0.0,12.5,3.0,3.5,0.0,609.0,14.0,10.0,12.0,1.0,1.0,0.95,22.5,1.0,391.0,501.5,77.94999999999999,34.5,373.0,15.5,11.5,6.5,122,63.5,13.5,6.0,15.5,13.0,9.5,1.5,4.5,21.0,54.5,0.0,0.0,0.0,0.0,15.0,6.0,3.5,0.0,696.0,13.5,5.5,12.0,2.05,2.05,1.7999999999999998,29.0,0.0,518.5,607.0,85.45,53.5,458.0,16.5,13.5,8.0,78.77777777777777,77.54545454545455,77.5625,75.14285714285714,71.68181818181819,71.5,1.0,3.0,20240422.0,Lose,39.0,42.0,"[0.8017206596448028,-0.7398130863778296,-0.06190757326697183]","[0.6113657486790801,0.1308643958300311,0.2577698554908887]",0.0,Win
12619,132,65.5,8.5,5.5,14.0,15.5,8.5,2.5,3.0,17.5,43.5,3.0,2.5,0.0,0.0,19.5,7.0,1.0,0.0,719.0,16.5,7.5,7.5,2.15,2.15,1.55,35.5,6.0,547.0,623.0,87.6,52.5,512.5,30.0,26.5,15.0,121,69.5,8.0,7.5,34.5,11.0,10.0,3.5,5.5,18.5,57.5,2.0,0.5,1.0,1.0,18.0,5.5,1.0,0.0,807.5,12.5,7.0,9.0,2.75,1.95,1.3,35.0,3.0,625.5,723.5,86.55,60.5,471.0,29.0,10.0,5.0,81.0,79.2,76.6,81.6,79.35,80.61538461538461,1.0,2.0,20240422.0,Lose,27.0,16.0,"[0.003306165899726654,0.30740942911066105,-0.3107155950103887]","[0.3240532955027408,0.43922475733580135,0.23672194716145795]",1.0,Lose
12616,144,44.5,10.0,2.0,15.5,15.5,22.0,0.5,9.0,15.5,68.5,1.5,1.0,0.5,0.5,6.0,3.0,2.5,0.0,547.5,11.5,6.5,10.5,0.8999999999999999,0.5,0.45,11.0,2.5,347.5,453.0,76.5,28.0,283.5,10.0,15.0,8.0,130,66.5,8.0,6.0,29.5,10.5,12.0,1.0,3.5,20.5,74.0,0.5,0.5,0.0,0.0,16.5,2.5,1.0,0.0,687.0,10.5,9.0,8.0,1.0,1.0,0.65,28.5,1.0,513.0,595.5,85.7,43.5,459.5,22.5,19.0,12.0,70.75,69.36842105263158,70.6,75.57142857142857,75.5,74.18181818181819,0.0,2.0,20240421.0,Lose,86.0,44.0,"[-0.3279577883425777,0.35388797473154776,-0.025930186388970267]","[0.23094032373418763,0.4566901268083931,0.3123695494574192]",1.0,Lose
12614,126,39.5,12.5,5.5,12.5,15.5,25.0,1.5,9.0,15.0,70.5,2.5,2.0,0.0,0.0,13.0,5.0,3.0,0.0,466.0,11.0,12.0,8.0,1.75,1.75,1.2,22.5,4.0,266.5,370.0,71.1,35.5,220.5,13.0,11.5,4.5,141,45.0,13.0,5.5,15.5,14.5,14.5,1.5,6.5,18.0,61.5,0.5,0.5,0.0,0.0,12.5,7.0,1.0,0.5,481.0,13.5,4.0,10.0,1.6,1.6,1.15,23.5,1.0,310.5,392.5,79.4,22.5,283.0,15.5,18.0,9.5,71.33333333333333,71.6875,70.83333333333333,69.3,68.9,71.125,0.0,3.0,20240421.0,Lose,45.0,85.0,"[0.332101815758993,-0.5621458430756463,0.2300440273166533]","[0.43254606436317217,0.17687462868075743,0.39057930695607024]",0.0,Win
12617,145,38.5,14.5,0.5,6.5,10.0,20.5,0.5,8.5,15.5,64.5,1.0,1.0,0.0,0.0,5.5,1.0,3.5,0.0,458.5,13.0,9.5,15.0,0.4,0.4,0.35,11.0,2.0,297.0,368.0,80.7,19.0,237.5,12.0,12.5,6.0,119,60.0,12.5,4.5,19.0,20.0,18.0,1.5,10.0,26.5,70.5,1.5,1.5,0.0,0.0,11.5,5.5,1.5,0.0,682.5,25.5,8.5,19.5,1.0,1.0,0.95,21.0,3.0,418.0,552.0,75.7,50.5,308.5,12.0,18.0,6.5,69.375,72.71428571428571,73.07692307692308,78.0,76.65,74.0,1.0,2.0,20240421.0,Lose,94.0,37.0,"[-0.774294703394546,0.6561497099654638,0.11814499342908302]","[0.1312054510820815,0.5485118242370268,0.32028272468089153]",1.0,Lose
12615,136,56.0,15.5,6.5,33.5,14.5,10.5,0.5,5.0,16.5,72.0,1.0,1.0,0.0,0.0,16.0,3.5,2.0,0.0,598.0,12.0,7.5,5.0,1.4,1.4,1.3,30.5,1.5,418.0,509.5,81.85,38.5,327.5,24.5,15.0,6.0,139,34.5,12.0,3.5,9.5,16.0,20.5,1.0,9.5,21.5,63.0,1.0,1.0,0.0,0.5,12.0,5.0,1.0,0.0,436.5,14.5,4.0,11.5,1.4,1.0,0.85,21.0,1.0,232.0,332.0,69.9,25.0,207.5,9.0,16.0,6.0,74.27272727272727,74.2,74.18181818181819,67.66666666666667,68.75,68.0,0.0,0.0,20240421.0,Draw,36.0,93.0,"[0.7818792581300422,-0.8709214399688734,0.08904218183883095]","[0.5911325867094581,0.11320944935356476,0.2956579639369771]",0.0,Win
12612,137,41.0,14.0,2.0,11.5,17.0,23.0,3.0,8.5,17.5,75.0,1.5,1.5,0.0,0.0,3.5,1.5,1.0,0.0,431.5,13.0,6.0,8.0,0.3,0.3,0.3,6.0,3.0,235.0,341.5,68.75,22.5,175.5,6.0,8.5,3.5,135,63.5,9.5,6.0,17.0,12.5,13.0,3.0,5.5,19.5,57.0,3.0,2.0,0.0,0.0,19.5,8.0,2.0,0.5,696.5,13.5,6.5,8.5,2.25,2.25,1.6,33.5,4.5,515.5,600.0,85.95,44.5,408.0,29.0,17.5,7.5,71.6923076923077,71.47058823529412,69.9090909090909,79.16666666666667,77.0,75.83333333333333,1.0,0.0,20240420.0,Win,69.0,35.0,"[-0.443637741264322,1.0842032849470393,-0.6405655436827172]","[0.15553388848109845,0.7167339175129211,0.12773219400598043]",1.0,Lose
12613,118,51.0,12.0,4.5,25.0,26.0,25.5,2.0,8.5,29.5,87.0,1.5,1.5,0.0,0.0,12.5,4.0,2.5,0.0,597.5,13.5,9.5,10.0,1.4,1.4,1.35,23.0,3.0,341.5,467.0,72.35,45.5,219.0,13.5,18.5,7.5,120,32.0,10.5,0.5,8.0,14.5,36.5,1.0,13.5,13.5,65.0,1.0,0.5,0.0,0.0,7.5,1.5,1.5,0.0,409.5,11.0,6.5,9.5,0.8,0.8,0.4,12.0,2.0,209.0,297.0,68.8,18.0,192.5,10.5,9.5,2.5,72.14285714285714,70.61538461538461,71.22222222222223,73.6,73.33333333333333,70.1875,1.0,0.0,20240420.0,Win,55.0,47.0,"[0.20703471724262235,-0.15376328620959834,-0.05327143103302301]","[0.4051969973905089,0.28247084979714293,0.3123321528123481]",0.0,Win
12611,127,38.0,13.0,2.0,16.0,13.0,28.0,1.0,9.0,23.0,77.5,2.0,2.0,0.0,0.0,10.5,4.5,2.5,0.0,492.0,16.5,8.0,8.5,0.9,0.9,0.75,18.0,4.0,277.5,376.0,73.1,24.5,233.5,15.0,16.5,6.5,117,39.0,13.5,3.5,12.5,12.5,28.0,3.0,8.5,15.0,50.5,0.5,0.0,0.0,0.0,7.5,2.5,2.0,0.0,464.0,11.5,4.5,11.0,1.75,1.75,0.7,13.0,0.5,290.5,370.0,76.25,17.5,229.0,12.0,10.5,3.0,69.28571428571429,71.56,70.76470588235294,77.6,77.5,77.73333333333333,2.0,2.0,20240419.0,Draw,59.0,30.0,"[-0.7017009863134431,0.6781190660627989,0.023581920250644095]","[0.14205550888072033,0.5645550739595115,0.2933894171597681]",1.0,Lose
12610,131,40.0,17.0,2.5,11.0,17.5,30.0,2.5,7.0,21.5,61.5,1.5,0.0,0.5,0.5,8.5,3.5,1.5,0.0,457.5,15.0,8.5,10.0,1.9,1.5,0.5,14.5,2.5,251.0,345.5,72.65,19.5,231.0,8.0,13.0,6.0,125,59.5,15.0,7.5,20.5,13.0,13.5,2.0,4.0,20.5,64.5,2.0,1.0,0.0,0.0,14.0,3.5,1.5,0.0,699.0,12.5,7.0,13.0,1.15,1.15,0.85,26.0,2.5,507.0,603.5,83.6,47.0,396.5,16.0,16.0,8.0,70.75,72.625,69.93333333333334,77.77777777777777,78.33333333333333,76.63636363636364,0.0,1.0,20240419.0,Lose,60.0,39.0,"[-0.4325656441462278,1.1108056766699368,-0.6782400325237085]","[0.154738411022606,0.7242287830762872,0.12103280590110663]",1.0,Lose
12608,119,50.0,16.0,4.5,14.5,13.0,23.0,1.5,12.5,20.5,64.0,2.0,2.0,0.0,0.0,9.5,4.0,2.5,0.0,607.0,23.0,7.5,17.5,0.7,0.7,0.65,18.5,4.0,374.0,480.5,78.25,42.0,266.0,11.5,19.0,5.0,118,54.5,15.0,3.5,21.5,22.0,25.0,2.5,8.0,26.0,86.5,1.0,1.0,0.0,0.0,10.0,4.0,2.5,0.0,585.0,19.0,10.0,8.5,1.35,1.35,1.35,19.5,2.0,344.5,470.0,72.6,42.0,274.0,19.0,16.5,7.5,78.0,75.9375,73.26666666666667,72.14285714285714,69.6,71.5,2.0,2.0,20240415.0,Draw,20.0,58.0,"[0.7962315672308593,-0.8748671618484853,0.07863559461762692]","[0.5966714648577701,0.11219830911694481,0.29113022602528504]",0.0,Win
12607,130,59.5,8.0,6.5,22.5,17.0,9.5,1.0,4.0,17.5,72.0,0.5,0.5,0.0,0.0,15.0,4.5,1.5,0.0,634.5,11.0,6.0,9.5,0.95,0.95,0.7999999999999999,25.0,1.0,462.5,549.0,82.65,43.5,433.0,15.5,15.0,5.0,131,43.0,15.5,3.0,12.5,20.5,29.0,2.0,7.0,18.5,66.0,1.5,0.0,0.5,0.5,9.5,3.5,1.5,0.0,505.5,18.0,11.0,10.5,1.9,1.5,0.5,16.5,2.5,274.5,383.5,71.45,20.5,229.0,12.5,13.5,5.5,76.81818181818181,76.15789473684211,73.0,72.0,72.88235294117646,70.0625,1.0,1.0,20240415.0,Draw,41.0,57.0,"[0.2245795802127395,-0.8841256251538487,0.6595460449411099]","[0.3478385247324328,0.11478182555052431,0.5373796497170429]",2.0,Draw
12605,126,53.0,10.0,9.5,23.0,13.0,17.5,1.5,7.0,18.5,79.0,1.5,1.5,0.0,0.0,15.0,5.0,2.0,0.0,577.0,7.5,7.5,7.0,1.75,1.75,1.4500000000000002,27.0,2.5,383.5,490.0,78.05,43.5,314.5,20.5,17.5,9.0,132,59.5,10.0,5.0,10.0,15.5,13.5,3.5,5.0,16.0,48.0,2.5,2.5,0.0,0.0,15.0,8.5,2.0,0.0,673.5,18.5,6.0,8.0,2.3,2.3,2.2,29.0,5.0,500.5,577.5,86.0,46.5,437.5,21.5,23.5,12.0,71.33333333333333,71.6875,70.83333333333333,81.0,77.63636363636364,77.63636363636364,3.0,3.0,20240414.0,Draw,45.0,17.0,"[-0.7899038973450518,0.6441945285466661,0.1457093687983846]","[0.12912161888025286,0.5417762905272613,0.32910209059248574]",1.0,Lose
12606,121,67.5,12.5,8.0,28.5,12.5,12.0,2.5,5.5,16.5,56.5,2.0,1.0,0.5,0.5,20.5,6.0,1.0,0.0,790.5,10.5,8.0,12.0,2.75,2.35,1.8,40.5,3.5,598.5,691.0,86.8,56.5,461.0,22.0,13.5,7.0,127,45.5,13.5,5.5,25.5,16.0,15.0,2.0,7.5,32.0,90.0,1.5,1.0,0.0,0.0,11.5,2.5,1.5,0.0,501.5,22.0,6.0,10.5,0.6499999999999999,0.6499999999999999,0.55,19.5,3.0,252.5,389.0,64.65,34.5,221.5,15.5,21.5,11.0,80.0,79.35,80.18181818181819,69.0,71.52631578947368,70.6,2.0,2.0,20240414.0,Draw,34.0,55.0,"[1.5398774913786788,-1.4681419627556376,-0.07173552862304144]","[0.8006694549871655,0.03954458392387973,0.15978596108895468]",0.0,Win
12604,135,61.0,7.0,6.5,19.0,11.5,10.0,3.5,3.5,24.5,60.0,2.0,1.0,0.0,0.0,19.5,6.5,1.5,0.0,720.5,16.5,6.0,9.0,2.0,2.0,1.35,32.0,3.0,541.5,628.0,86.30000000000001,44.5,393.5,22.0,15.5,7.5,139,44.0,10.5,6.5,13.5,14.5,14.0,0.0,8.0,26.5,67.5,0.5,0.5,0.0,0.0,13.0,4.0,1.0,0.0,509.0,13.0,6.5,6.5,0.6000000000000001,0.6000000000000001,0.4499999999999999,22.5,1.0,298.5,410.0,72.4,26.5,246.5,12.0,17.0,5.0,80.2,77.1875,77.42857142857143,68.07142857142857,69.71428571428571,68.88888888888889,2.0,2.0,20240414.0,Draw,40.0,93.0,"[1.2824041634592773,-1.325057873093718,0.04265370963444193]","[0.7335799944737554,0.054080550641909614,0.21233945488433506]",0.0,Win
12601,141,38.0,8.5,4.5,15.5,15.0,18.5,1.5,8.5,13.5,64.0,0.0,0.0,0.0,0.0,19.0,6.5,2.0,0.5,479.5,12.5,8.0,10.0,1.15,1.15,1.0,33.0,0.0,293.0,375.0,78.2,29.0,276.0,20.0,18.5,8.5,137,38.5,14.5,3.5,19.5,13.0,21.5,1.0,9.0,18.5,65.5,1.5,1.5,0.0,0.0,9.0,3.0,2.0,0.0,473.0,12.5,4.5,10.0,0.5,0.5,0.5,17.5,3.0,285.0,380.0,74.05000000000001,29.0,240.5,13.5,11.0,6.0,69.76923076923077,69.08333333333333,71.125,71.6923076923077,71.47058823529412,69.9090909090909,1.0,0.0,20240413.0,Win,83.0,70.0,"[0.3142356972661795,-0.4183432247326637,0.10410752746648588]","[0.43646239194280484,0.20979341141840846,0.35374419663878665]",0.0,Win
12603,122,67.5,12.5,3.5,9.5,12.0,10.5,2.5,5.5,21.0,47.0,1.5,1.5,0.0,0.0,13.5,4.0,1.5,0.0,827.5,19.0,7.0,14.0,1.8,1.8,1.65,25.5,2.5,633.0,720.5,87.5,51.5,497.5,20.5,15.5,7.0,145,39.0,10.5,1.5,9.0,9.5,17.0,1.5,7.5,16.0,68.5,1.0,1.0,0.0,0.0,8.0,2.0,3.0,0.5,459.5,11.0,8.5,13.0,0.6000000000000001,0.6000000000000001,0.4499999999999999,16.0,2.0,302.0,373.5,80.85,16.0,246.5,12.5,9.5,4.0,74.66666666666667,71.56521739130434,71.5,70.33333333333333,73.33333333333333,73.0,0.0,0.0,20240413.0,Draw,44.0,90.0,"[0.1768721846721295,-0.5170041880741967,0.34013200340206673]","[0.37355554256252194,0.18664162403463996,0.43980283340283816]",2.0,Draw
12602,136,62.5,11.0,7.0,27.5,12.5,7.5,1.0,8.5,16.0,58.0,1.5,1.0,0.5,0.5,16.5,5.0,0.5,0.0,667.5,9.0,7.0,6.5,1.9,1.5,1.4,31.5,2.5,497.5,584.5,85.1,44.5,440.5,22.5,15.5,7.0,117,30.5,13.0,3.5,9.0,11.0,28.0,2.5,11.0,16.0,59.5,0.5,0.0,0.0,0.0,8.0,2.5,2.0,0.0,422.0,11.5,8.0,11.0,1.4,1.4,0.35,14.0,0.5,236.5,317.0,73.65,17.0,242.5,9.0,12.0,3.5,74.27272727272727,74.41176470588235,74.25,77.16666666666667,77.25,77.73333333333333,0.0,0.0,20240413.0,Draw,36.0,30.0,"[-0.17514945183122999,0.31215374151800246,-0.13700428968677192]","[0.2727171967648663,0.44396180871419383,0.28332099452093973]",1.0,Lose
12600,125,59.5,13.5,6.5,25.0,8.5,11.5,1.0,6.5,22.0,63.5,0.5,0.5,0.0,0.0,13.5,2.5,2.0,0.0,698.0,12.0,9.0,12.5,0.75,0.75,0.65,25.5,1.0,505.5,605.5,83.1,57.5,419.0,20.5,13.5,6.5,144,42.0,11.0,3.5,18.0,9.5,17.5,0.5,10.0,13.5,71.0,1.0,0.5,0.5,0.5,6.0,1.5,3.5,0.0,535.5,17.5,8.0,17.0,0.8999999999999999,0.5,0.45,10.0,1.5,337.0,439.5,76.4,28.0,276.0,11.5,14.0,7.5,75.27272727272727,77.22222222222223,76.5,70.75,71.36842105263158,71.46153846153847,4.0,1.0,20240412.0,Win,35.0,82.0,"[1.1736270021197024,-1.080704420614873,-0.09292258150483035]","[0.7211126085599411,0.07567621317856657,0.20321117826149246]",0.0,Win
12599,120,41.5,10.5,2.0,13.5,15.0,27.0,2.0,9.5,11.5,64.5,0.5,0.0,0.0,0.0,12.0,1.5,2.5,0.0,471.5,12.0,7.5,9.0,0.95,0.95,0.5,18.5,1.0,273.0,363.5,75.15,20.0,226.0,12.5,13.0,4.0,121,54.0,16.5,6.5,19.0,15.5,17.0,2.0,8.0,12.5,61.5,1.5,1.5,0.0,0.0,19.0,6.5,1.0,0.0,643.0,13.0,6.5,13.5,1.85,1.85,1.65,32.5,3.0,466.5,539.5,86.15,41.5,387.0,15.5,13.0,6.0,74.5,73.57142857142857,71.1875,82.25,79.33333333333333,80.25,1.0,2.0,20240408.0,Lose,43.0,16.0,"[-0.8668623891513589,1.1356402523614906,-0.2687778632101313]","[0.09778800275483392,0.7243716140737371,0.17784038317142897]",1.0,Lose
2474,20,48.0,15.0,4.0,16.5,14.0,22.5,1.0,8.5,20.0,58.5,2.5,1.5,1.0,1.0,11.0,4.0,1.5,0.0,598.0,13.5,9.5,14.5,2.15,1.35,1.1,22.0,5.0,393.0,482.5,81.4,44.5,415.0,17.5,22.0,10.5,19,39.0,12.5,4.5,10.5,6.0,34.0,0.5,9.0,17.0,58.0,2.5,2.0,0.0,0.0,12.5,6.5,2.0,0.0,451.0,21.0,7.0,13.5,2.25,2.25,1.95,21.0,4.5,250.5,329.5,75.69999999999999,22.0,281.0,13.0,20.5,10.0,72.2,72.04545454545455,69.9,72.0,71.88235294117646,72.1,0.0,0.0,20240407.0,Draw,71.0,36.0,"[-0.4851952095789833,0.10186001358075014,0.3833351959982345]","[0.1929723512390935,0.347096258666044,0.45993139009486245]",2.0,Draw
4752,30,48.0,14.5,3.5,10.5,12.0,31.5,1.0,12.0,14.0,62.5,2.0,1.5,0.0,0.0,15.0,5.0,1.5,0.0,614.0,16.0,15.5,22.5,1.05,1.05,0.8,26.5,3.0,371.5,467.5,79.45,30.0,354.5,20.0,16.0,7.0,38,68.5,13.0,10.5,25.5,14.5,10.0,2.5,4.5,14.5,57.5,2.5,1.5,0.0,0.0,29.5,8.5,2.5,0.0,855.0,17.0,9.5,11.0,2.3,2.3,1.6,56.5,4.0,642.0,733.0,87.55000000000001,68.0,582.5,33.0,21.0,9.5,76.6,79.3076923076923,80.0,80.375,80.9090909090909,79.1,2.0,2.0,20240407.0,Draw,12.0,12.0,"[-0.6373634006557092,0.4834157683691007,0.15394763228660535]","[0.15939988571648708,0.4889182112948534,0.3516819029886595]",1.0,Lose
2475,6,40.0,11.0,6.5,15.5,11.0,18.0,1.5,4.0,17.0,61.0,2.0,1.0,0.5,0.5,12.5,4.5,1.0,0.0,490.5,17.5,7.0,13.5,2.05,1.65,1.2,20.5,3.0,292.0,382.0,76.7,22.5,330.0,13.0,21.0,9.0,26,51.0,9.0,7.0,23.0,15.0,26.5,3.0,10.5,22.5,60.5,0.5,0.5,0.0,0.0,11.0,5.5,1.0,0.5,583.0,11.0,7.0,10.5,0.65,0.65,0.75,21.0,1.0,389.0,488.0,79.6,45.5,398.5,18.0,14.5,9.0,73.0,71.88235294117646,70.63636363636364,68.6,71.86666666666666,70.85714285714286,2.0,0.0,20240407.0,Win,38.0,68.0,"[0.5372393729315603,-0.3978819637755535,-0.13935740915600847]","[0.5260715010130367,0.206503177620894,0.2674253213660693]",0.0,Win
12598,117,50.5,10.5,7.0,21.5,14.0,17.0,1.0,9.5,21.0,61.0,0.0,0.0,0.0,0.0,13.0,2.5,3.0,0.5,596.5,13.5,10.0,8.5,0.75,0.75,0.65,24.0,0.0,396.5,495.5,79.65,45.5,345.0,18.5,14.5,7.5,130,39.0,9.0,7.5,18.5,22.0,16.0,1.0,6.5,15.0,64.5,1.5,1.0,0.0,0.5,15.5,5.5,2.0,0.0,442.5,9.5,8.0,7.5,1.75,1.35,1.0499999999999998,27.0,3.0,271.5,354.5,76.55000000000001,29.0,262.5,9.5,10.0,3.0,77.0,77.15,77.73333333333333,76.91666666666667,76.15789473684211,74.18181818181819,1.0,0.0,20240407.0,Win,33.0,44.0,"[0.950475161719512,-0.9001171698320949,-0.05035799188741463]","[0.6558593609844627,0.10306440104089301,0.2410762379746443]",0.0,Win
2476,1,58.0,14.5,7.5,22.5,10.5,16.0,1.5,3.5,14.5,65.0,3.0,2.0,0.0,0.0,19.5,7.5,1.5,0.5,768.5,25.0,10.0,16.0,2.55,2.55,2.1,33.5,4.0,545.5,642.0,84.6,57.5,585.5,21.0,12.5,5.0,11,51.0,13.0,4.5,14.5,7.5,21.0,1.0,4.5,14.5,56.5,1.0,0.5,0.5,0.5,9.0,1.5,1.5,0.0,575.5,17.0,9.0,10.0,1.25,0.8500000000000001,0.8,16.5,2.0,391.5,470.0,83.05000000000001,44.5,416.0,19.5,17.0,5.5,76.75,77.46153846153847,74.46153846153847,76.42857142857143,76.58823529411765,71.77777777777777,1.0,0.0,20240407.0,Win,17.0,29.0,"[0.3467491219694083,-0.15599755901394063,-0.19075156295546714]","[0.4568142547729546,0.27631186752285636,0.2668738777041891]",0.0,Win
2473,22,50.5,13.5,7.5,21.0,15.5,21.5,1.0,7.5,13.5,56.5,1.5,1.0,0.0,0.0,17.0,6.0,3.5,0.0,544.0,20.0,9.0,9.5,1.85,1.85,1.2999999999999998,31.5,2.5,339.5,430.5,77.75,45.0,370.5,24.0,15.0,7.5,14,48.0,9.5,6.0,19.5,10.5,24.5,1.0,8.0,21.0,56.5,2.0,1.0,1.0,1.0,8.5,2.0,2.5,0.0,582.0,12.5,9.0,13.0,1.75,0.95,0.85,16.0,3.0,380.5,470.5,79.85,27.0,407.5,14.5,23.0,8.5,73.66666666666667,72.22222222222223,74.33333333333333,74.2,76.0,73.7,0.0,0.0,20240407.0,Draw,32.0,31.0,"[0.20171813823913043,-0.24438128198715914,0.04266314374802882]","[0.40111195000611116,0.2567598327842395,0.3421282172096494]",0.0,Win
9951,92,50.5,13.5,7.0,23.5,15.0,25.5,1.0,6.5,18.0,57.0,1.5,1.5,0.0,0.0,15.5,4.5,2.5,1.0,570.5,16.0,5.0,8.5,1.9,1.9,1.65,26.5,2.5,380.5,465.5,81.6,34.5,375.0,20.0,12.0,5.0,97,50.5,9.5,9.0,24.5,17.5,22.5,0.5,8.0,26.5,67.0,0.5,0.5,0.0,0.0,13.0,2.5,2.0,0.0,650.5,15.0,8.5,15.0,1.05,1.05,1.0,22.5,1.0,409.5,522.0,78.19999999999999,33.0,378.0,25.0,19.5,8.5,74.85714285714286,76.0,74.85714285714286,72.25,75.125,74.54545454545455,1.0,3.0,20240407.0,Lose,108.0,112.0,"[0.636507810801533,-0.8443038372635039,0.20779602646197137]","[0.5322544514672448,0.12106287263043826,0.34668267590231694]",0.0,Win
12597,118,46.0,12.5,2.5,20.0,15.0,24.0,2.0,10.0,16.0,79.0,1.0,0.5,0.0,0.0,11.5,4.5,1.5,0.0,513.0,25.5,8.5,11.5,0.95,0.95,0.8999999999999999,21.5,2.0,289.0,398.0,72.65,31.5,277.5,17.0,16.5,7.0,131,40.5,13.5,2.5,13.0,20.5,28.0,0.5,9.0,16.0,66.5,0.5,0.0,0.5,0.5,6.5,2.0,1.5,0.0,491.0,19.5,10.5,18.0,0.85,0.4499999999999999,0.2,13.0,1.0,262.5,367.0,71.35,17.0,232.5,12.5,10.0,4.0,72.0,71.08333333333333,71.22222222222223,74.33333333333333,72.88235294117646,71.57142857142857,1.0,2.0,20240407.0,Lose,55.0,57.0,"[0.18562916706313937,-0.35903815987083787,0.17340899280769784]","[0.38942494716570036,0.22587998753175276,0.38469506530254677]",0.0,Win
9950,93,38.0,8.0,3.5,12.5,7.0,31.5,0.5,12.0,20.0,65.0,0.5,0.5,0.0,0.0,6.5,1.5,1.0,0.0,528.0,15.5,12.0,15.5,0.65,0.65,0.65,12.0,1.0,302.0,408.0,74.1,30.0,274.5,14.0,12.5,4.0,103,53.5,14.0,9.0,32.0,15.5,15.0,3.0,7.0,23.5,73.0,2.0,2.0,0.0,0.0,20.0,5.0,1.5,0.0,559.0,13.0,7.0,12.5,1.5,1.5,1.25,35.5,3.5,344.0,452.0,76.1,48.0,309.5,14.5,19.0,5.5,76.71428571428571,75.1875,74.375,75.0,73.82352941176471,73.5,3.0,1.0,20240407.0,Win,112.0,108.0,"[0.5220727872781041,0.0658412348038091,-0.5879140220819139]","[0.5093645653752641,0.3227675633810986,0.16786787124363753]",0.0,Win
12595,145,50.5,11.0,2.5,14.5,12.5,21.0,1.5,11.0,18.5,74.0,0.5,0.0,0.0,0.0,12.0,2.5,2.5,0.5,565.5,12.5,6.0,10.5,0.9,0.9,0.75,23.0,1.0,399.0,476.5,83.35,19.0,335.0,17.0,8.0,4.5,135,56.0,6.0,7.0,18.5,10.5,10.0,1.5,6.0,25.5,62.0,0.5,0.0,0.0,0.0,15.5,4.0,1.5,0.0,673.5,13.5,5.5,13.5,1.5499999999999998,1.5499999999999998,1.1,26.5,0.0,485.5,576.5,84.15,36.0,346.0,13.5,18.0,7.5,72.33333333333333,72.5,72.83333333333333,78.0,77.13333333333334,77.0,2.0,4.0,20240407.0,Lose,94.0,35.0,"[-0.6154236363605812,0.9824542245108252,-0.36703058815024414]","[0.13841795539567472,0.6841352494280817,0.17744679517624376]",1.0,Lose
4753,51,22.5,9.5,1.5,6.5,18.5,41.5,1.5,12.5,9.5,65.5,1.5,1.5,0.0,0.0,6.5,3.5,2.5,0.0,336.0,18.0,7.0,17.5,1.25,1.25,1.2,11.0,3.0,117.0,210.5,54.7,15.5,103.0,5.0,10.0,5.5,49,63.0,9.5,12.0,19.5,8.5,8.5,3.0,8.5,16.0,50.5,3.0,1.0,1.5,1.5,29.0,10.0,2.5,0.0,743.5,10.0,7.0,14.0,3.65,2.45,2.35,56.5,5.0,545.0,633.5,85.9,59.5,476.0,38.5,19.0,11.0,73.25,71.15384615384616,72.0,73.33333333333333,76.10526315789474,78.77777777777777,2.0,2.0,20240407.0,Draw,81.0,32.0,"[-0.2751741479826102,0.9354472965866156,-0.6602731486040051]","[0.1985721636973143,0.6663226573411107,0.13510517896157506]",1.0,Lose
2477,12,53.5,17.5,3.5,21.5,15.0,20.5,2.0,4.5,20.0,64.5,1.5,0.5,0.5,0.5,11.5,2.5,3.5,0.0,571.0,10.5,7.5,6.5,1.4,1.0,0.8,21.0,2.5,390.0,471.5,82.7,39.5,411.5,15.5,16.0,6.5,3,57.5,9.5,5.0,16.5,15.0,16.0,2.0,4.5,20.5,57.5,2.0,1.5,0.0,0.0,17.0,4.5,2.0,0.0,688.0,15.0,6.5,15.0,1.7,1.7,1.25,28.5,3.5,474.5,569.5,83.19999999999999,52.5,495.0,22.5,25.0,14.0,70.0,72.6,71.45454545454545,74.0,75.06666666666666,74.625,1.0,3.0,20240407.0,Lose,26.0,21.0,"[-0.334945949484299,0.6885148256485389,-0.35356887616424215]","[0.20989185899042093,0.5840889109548368,0.20601923005474235]",1.0,Lose
12594,139,48.0,10.5,8.5,21.5,14.5,17.0,1.0,6.0,24.5,64.5,1.5,1.5,0.0,0.0,14.0,4.0,1.0,0.0,571.5,10.5,7.0,10.5,1.5,1.5,1.4,26.5,2.5,347.0,463.5,74.85,39.5,267.0,18.5,20.0,8.5,122,70.5,11.5,5.5,13.0,12.5,17.0,1.5,6.0,23.5,57.5,2.0,1.5,0.0,0.0,17.0,6.0,0.5,0.0,880.0,14.0,7.5,11.5,2.0,2.0,1.65,30.5,3.0,685.0,768.5,89.05,59.0,490.5,28.0,17.5,4.5,69.16666666666667,70.16666666666667,70.0,77.2,72.95652173913044,72.3,0.0,0.0,20240407.0,Draw,92.0,42.0,"[-0.36299067822587583,0.24302441604604264,0.1199662621798323]","[0.2245186913885614,0.41156791780588403,0.3639133908055546]",1.0,Lose
