League_Name,Team_Name,Season,Player_Name,Scores
Fußball-Bundesliga,Bayern Munich,2024,Harry Kane,36
Fußball-Bundesliga,Stuttgart,2024,Serhou Guirassy,28
Ligue 1,Paris S-G,2024,Kylian Mbappé,27
Premier League,Manchester City,2024,Erling Haaland,27
Serie A,Inter,2024,Lautaro Martínez,25
La Liga,Girona,2024,Artem Dovbyk,24
Fußball-Bundesliga,RB Leipzig,2024,Loïs Openda,24
La Liga,Villarreal,2024,Alexander Sørloth,23
Premier League,Chelsea,2024,Cole Palmer,22
Premier League,Newcastle Utd,2024,Alexander Isak,21
Ligue 1,Lyon,2024,Alexandre Lacazette,19
Ligue 1,Lille,2024,Jonathan David,19
Premier League,Bournemouth,2024,Dominic Solanke,19
Premier League,Manchester City,2024,Phil Foden,19
Premier League,Aston Villa,2024,Ollie Watkins,19
La Liga,Barcelona,2024,Robert Lewandowski,19
La Liga,Real Madrid,2024,Jude Bellingham,19
Premier League,Liverpool,2024,Mohamed Salah,18
Fußball-Bundesliga,Stuttgart,2024,Deniz Undav,18
Premier League,Tottenham,2024,Son Heung-min,17
La Liga,Osasuna,2024,Ante Budimir,17
Ligue 1,Monaco,2024,Wissam Ben Yedder,16
Ligue 1,Marseille,2024,Pierre-Emerick Aubameyang,16
Premier League,Arsenal,2024,Bukayo Saka,16
Premier League,Crystal Palace,2024,Jean-Philippe Mateta,16
Premier League,West Ham,2024,Jarrod Bowen,16
La Liga,Sevilla,2024,Youssef En-Nesyri,16
La Liga,Atlético Madrid,2024,Antoine Griezmann,16
Fußball-Bundesliga,Hoffenheim,2024,Maximilian Beier,16
Serie A,Juventus,2024,Dušan Vlahović,16
Serie A,Milan,2024,Olivier Giroud,16
La Liga,Atlético Madrid,2024,Álvaro Morata,15
La Liga,Getafe,2024,Borja Mayoral,15
La Liga,Real Madrid,2024,Vinicius Júnior,15
Fußball-Bundesliga,Hoffenheim,2024,Andrej Kramarić,15
Fußball-Bundesliga,Augsburg,2024,Ermedin Demirović,15
Serie A,Roma,2024,Romelu Lukaku,15
Serie A,Napoli,2024,Victor Osimhen,15
Ligue 1,Toulouse,2024,Thijs Dallinga,14
Premier League,Chelsea,2024,Nicolas Jackson,14
Premier League,Nott'ham Forest,2024,Chris Wood,14
La Liga,Athletic Club,2024,Gorka Guruzeta,14
Fußball-Bundesliga,Leverkusen,2024,Victor Boniface,14
Fußball-Bundesliga,RB Leipzig,2024,Benjamin Šeško,14
Serie A,Inter,2024,Marcus Thuram,14
Serie A,Fiorentina,2024,Nicolás González,14
Serie A,Genoa,2024,Albert Guðmundsson,14
Ligue 1,Metz,2024,Georges Mikautadze,13
Premier League,Arsenal,2024,Kai Havertz,13
La Liga,Valencia,2024,Hugo Duro,13
La Liga,Celta Vigo,2024,Jørgen Strand Larsen,13
Fußball-Bundesliga,Dortmund,2024,Donyell Malen,13
Serie A,Atalanta,2024,Teun Koopmeiners,13
Serie A,Atalanta,2024,Gianluca Scamacca,13
Serie A,Inter,2024,Hakan Çalhanoğlu,13
Serie A,Roma,2024,Paulo Dybala,13
Serie A,Torino,2024,Duván Zapata,13
Premier League,Wolves,2024,Matheus Cunha,12
Premier League,Wolves,2024,Hwang Hee-chan,12
Premier League,Arsenal,2024,Leandro Trossard,12
Premier League,Brentford,2024,Yoane Wissa,12
La Liga,Athletic Club,2024,Iñaki Williams,12
Fußball-Bundesliga,Werder Bremen,2024,Marvin Ducksch,12
Fußball-Bundesliga,Eint Frankfurt,2024,Omar Marmoush,12
Fußball-Bundesliga,Dortmund,2024,Niclas Füllkrug,12
Fußball-Bundesliga,Heidenheim,2024,Tim Kleindienst,12
Serie A,Atalanta,2024,Charles De Ketelaere,12
Serie A,Sassuolo,2024,Andrea Pinamonti,12
Serie A,Milan,2024,Christian Pulisic,12
Serie A,Napoli,2024,Khvicha Kvaratskhelia,12
Ligue 1,Paris S-G,2024,Gonçalo Ramos,11
Ligue 1,Nice,2024,Terem Moffi,11
Premier League,Newcastle Utd,2024,Anthony Gordon,11
Premier League,Liverpool,2024,Darwin Núñez,11
Premier League,Crystal Palace,2024,Eberechi Eze,11
Premier League,Tottenham,2024,Richarlison,11
Premier League,Manchester City,2024,Julián Álvarez,11
Premier League,Luton Town,2024,Carlton Morris,11
La Liga,Granada,2024,Myrto Uzuni,11
Fußball-Bundesliga,Wolfsburg,2024,Jonas Wind,11
Fußball-Bundesliga,Leverkusen,2024,Florian Wirtz,11
Serie A,Atalanta,2024,Ademola Lookman,11
Serie A,Bologna,2024,Joshua Zirkzee,11
Serie A,Frosinone,2024,Matìas Soulé,11
Ligue 1,Rennes,2024,Arnaud Kalimuendo,10
Premier League,Manchester Utd,2024,Bruno Fernandes,10
Premier League,Manchester Utd,2024,Rasmus Højlund,10
Premier League,Liverpool,2024,Diogo Jota,10
Premier League,Crystal Palace,2024,Michael Olise,10
Premier League,Aston Villa,2024,Leon Bailey,10
Premier League,Luton Town,2024,Elijah Adebayo,10
La Liga,Betis,2024,Willian José,10
La Liga,Villarreal,2024,Gerard Moreno,10
La Liga,Real Madrid,2024,Joselu,10
La Liga,Real Madrid,2024,Rodrygo,10
Fußball-Bundesliga,Bayern Munich,2024,Jamal Musiala,10
Fußball-Bundesliga,M'Gladbach,2024,Robin Hack,10
Fußball-Bundesliga,Leverkusen,2024,Álex Grimaldo,10
Fußball-Bundesliga,Heidenheim,2024,Eren Dinkçi,10
Serie A,Bologna,2024,Riccardo Orsolini,10
Ligue 1,Monaco,2024,Takumi Minamino,9
Ligue 1,Montpellier,2024,Téji Savanier,9
Ligue 1,Rennes,2024,Benjamin Bourigeaud,9
Ligue 1,Lens,2024,Elye Wahi,9
Premier League,Newcastle Utd,2024,Callum Wilson,9
Premier League,Fulham,2024,Rodrigo Muniz,9
Premier League,Brighton,2024,João Pedro,9
Premier League,Aston Villa,2024,Douglas Luiz,9
Premier League,Brentford,2024,Bryan Mbeumo,9
La Liga,Celta Vigo,2024,Iago Aspas,9
La Liga,Girona,2024,Sávio,9
La Liga,Girona,2024,Cristhian Stuani,9
La Liga,Atlético Madrid,2024,Ángel Correa,9
La Liga,Betis,2024,Ayoze Pérez,9
La Liga,Real Sociedad,2024,Mikel Oyarzabal,9
La Liga,Almería,2024,Sergio Arribas,9
Fußball-Bundesliga,Leverkusen,2024,Jeremie Frimpong,9
Serie A,Juventus,2024,Federico Chiesa,9
Serie A,Udinese,2024,Lorenzo Lucca,9
Serie A,Sassuolo,2024,Domenico Berardi,9
Serie A,Roma,2024,Lorenzo Pellegrini,9
Serie A,Fiorentina,2024,Giacomo Bonaventura,9
Serie A,Milan,2024,Rafael Leão,9
Ligue 1,Montpellier,2024,Akor Adams,8
Ligue 1,Nantes,2024,Mostafa Mohamed,8
Ligue 1,Strasbourg,2024,Emanuel Emegha,8
Ligue 1,Brest,2024,Romain Del Castillo,8
Ligue 1,Clermont Foot,2024,Muhammed Cham,8
Premier League,Bournemouth,2024,Antoine Semenyo,8
Premier League,Liverpool,2024,Cody Gakpo,8
Premier League,Liverpool,2024,Luis Díaz,8
Premier League,Arsenal,2024,Martin Ødegaard,8
Premier League,Tottenham,2024,Dejan Kulusevski,8
Premier League,Manchester City,2024,Rodri,8
Premier League,Chelsea,2024,Raheem Sterling,8
Premier League,Nott'ham Forest,2024,Callum Hudson-Odoi,8
La Liga,Girona,2024,Viktor Tsyhankov,8
La Liga,Barcelona,2024,Fermin López,8
La Liga,Alavés,2024,Samuel Omorodion,8
La Liga,Getafe,2024,Mason Greenwood,8
La Liga,Betis,2024,Isco,8
La Liga,Real Madrid,2024,Brahim Díaz,8
Fußball-Bundesliga,Bayern Munich,2024,Leroy Sané,8
Fußball-Bundesliga,Mainz 05,2024,Jonathan Burkardt,8
Fußball-Bundesliga,Freiburg,2024,Vincenzo Grifo,8
Fußball-Bundesliga,Stuttgart,2024,Chris Führich,8
Fußball-Bundesliga,Augsburg,2024,Phillip Tietz,8
Fußball-Bundesliga,RB Leipzig,2024,Xavi Simons,8
Fußball-Bundesliga,Darmstadt 98,2024,Tim Skarke,8
Fußball-Bundesliga,Heidenheim,2024,Jan-Niklas Beste,8
Serie A,Genoa,2024,Mateo Retegui,8
Serie A,Napoli,2024,Matteo Politano,8
Serie A,Lecce,2024,Nikola Krstović,8
Serie A,Monza,2024,Andrea Colpani,8
Ligue 1,Monaco,2024,Folarin Balogun,7
Ligue 1,Monaco,2024,Maghnes Akliouche,7
Ligue 1,Paris S-G,2024,Vitinha,7
Ligue 1,Rennes,2024,Amine Gouiri,7
Ligue 1,Rennes,2024,Martin Terrier,7
Ligue 1,Brest,2024,Mahdi Camara,7
Ligue 1,Lorient,2024,Muhamad Bamba,7
Ligue 1,Lens,2024,Wesley Saïd,7
Ligue 1,Lens,2024,Florian Sotoca,7
Premier League,Manchester Utd,2024,Marcus Rashford,7
Premier League,Manchester Utd,2024,Scott McTominay,7
Premier League,Manchester Utd,2024,Alejandro Garnacho,7
Premier League,Newcastle Utd,2024,Bruno Guimarães,7
Premier League,Fulham,2024,Raúl Jiménez,7
Premier League,Bournemouth,2024,Justin Kluivert,7
Premier League,Arsenal,2024,Declan Rice,7
Premier League,Crystal Palace,2024,Odsonne Édouard,7
Premier League,Everton,2024,Abdoulaye Doucouré,7
Premier League,Everton,2024,Dominic Calvert-Lewin,7
Premier League,West Ham,2024,Kudus Mohammed,7
Premier League,West Ham,2024,Tomáš Souček,7
Premier League,West Ham,2024,James Ward-Prowse,7
La Liga,Valencia,2024,José Luis García Vayá,7
La Liga,Celta Vigo,2024,Anastasios Douvikas,7
La Liga,Girona,2024,Portu,7
La Liga,Athletic Club,2024,Álex Berenguer,7
La Liga,Barcelona,2024,João Félix,7
La Liga,Barcelona,2024,Ferrán Torres,7
La Liga,Real Sociedad,2024,Takefusa Kubo,7
La Liga,Villarreal,2024,José Luis Morales,7
La Liga,Mallorca,2024,Vedat Muriqi,7
Fußball-Bundesliga,Bayern Munich,2024,Mathys Tel,7
Fußball-Bundesliga,Hoffenheim,2024,Ihlas Bebou,7
Fußball-Bundesliga,Hoffenheim,2024,Wout Weghorst,7
Fußball-Bundesliga,Freiburg,2024,Ritsu Doan,7
Fußball-Bundesliga,Freiburg,2024,Lucas Höler,7
Fußball-Bundesliga,Freiburg,2024,Michael Gregoritsch,7
Fußball-Bundesliga,M'Gladbach,2024,Alassane Pléa,7
Fußball-Bundesliga,Leverkusen,2024,Patrik Schick,7
Fußball-Bundesliga,Eint Frankfurt,2024,Ansgar Knauff,7
Fußball-Bundesliga,Dortmund,2024,Julian Brandt,7
Fußball-Bundesliga,Bochum,2024,Kevin Stöger,7
Serie A,Udinese,2024,Lazar Samardzic,7
Serie A,Inter,2024,Davide Frattesi,7
Serie A,Lazio,2024,Ciro Immobile,7
Serie A,Frosinone,2024,Walid Cheddira,7
Ligue 1,Monaco,2024,Aleksandr Golovin,6
Ligue 1,Paris S-G,2024,Randal Kolo Muani,6
Ligue 1,Lille,2024,Edon Zhegrova,6
Ligue 1,Nice,2024,Jeremie Boga,6
Ligue 1,Nice,2024,Evann Guessand,6
Ligue 1,Toulouse,2024,Vincent Sierro,6
Ligue 1,Reims,2024,Teddy Teuma,6
Ligue 1,Brest,2024,Steve Mounié,6
Ligue 1,Brest,2024,Kamory Doumbia,6
Premier League,Newcastle Utd,2024,Sean Longstaff,6
Premier League,Fulham,2024,Bobby Reid,6
Premier League,Arsenal,2024,Gabriel Martinelli,6
Premier League,Brighton,2024,Evan Ferguson,6
Premier League,Brighton,2024,Simon Adingra,6
Premier League,Burnley,2024,Jacob Bruun Larsen,6
Premier League,West Ham,2024,Michail Antonio,6
Premier League,Manchester City,2024,Bernardo Silva,6
Premier League,Sheffield Utd,2024,Ben Brereton,6
Premier League,Sheffield Utd,2024,Oliver McBurnie,6
Premier League,Aston Villa,2024,John McGinn,6
Premier League,Aston Villa,2024,Moussa Diaby,6
Premier League,Brentford,2024,Neal Maupay,6
Premier League,Nott'ham Forest,2024,Taiwo Awoniyi,6
La Liga,Barcelona,2024,Raphinha,6
La Liga,Atlético Madrid,2024,Marcos Llorente,6
La Liga,Las Palmas,2024,Kirian Rodríguez,6
La Liga,Real Madrid,2024,Arda Güler,6
La Liga,Rayo Vallecano,2024,Álvaro García,6
La Liga,Mallorca,2024,Abdón Prats,6
La Liga,Granada,2024,Lucas Boyé,6
La Liga,Granada,2024,Bryan Zaragoza,6
La Liga,Osasuna,2024,Raúl,6
La Liga,Almería,2024,Léo Baptistão,6
La Liga,Almería,2024,Luis Javier Suárez,6
Fußball-Bundesliga,Bayern Munich,2024,Leon Goretzka,6
Fußball-Bundesliga,Mainz 05,2024,Lee Jae-sung,6
Fußball-Bundesliga,M'Gladbach,2024,Rocco Reitz,6
Fußball-Bundesliga,Werder Bremen,2024,Justin Njinmah,6
Fußball-Bundesliga,Dortmund,2024,Marco Reus,6
Fußball-Bundesliga,Köln,2024,Davie Selke,6
Fußball-Bundesliga,Union Berlin,2024,Robin Gosens,6
Fußball-Bundesliga,Bochum,2024,Takuma Asano,6
Serie A,Juventus,2024,Adrien Rabiot,6
Serie A,Hellas Verona,2024,Cyril Ngonge,6
Serie A,Hellas Verona,2024,Michael Folorunsho,6
Serie A,Atalanta,2024,Éderson,6
Serie A,Atalanta,2024,Mario Pašalić,6
Serie A,Inter,2024,Marko Arnautović,6
Serie A,Bologna,2024,Lewis Ferguson,6
Serie A,Lazio,2024,Matías Vecino,6
Serie A,Lazio,2024,Mattia Zaccagni,6
Serie A,Sassuolo,2024,Armand Lauriente,6
Serie A,Sassuolo,2024,Kristian Thorstvedt,6
Serie A,Fiorentina,2024,Lucas Beltrán,6
Serie A,Milan,2024,Luka Jović,6
Serie A,Milan,2024,Noah Okafor,6
Serie A,Milan,2024,Ruben Loftus-Cheek,6
Serie A,Empoli,2024,M'Baye Niang,6
Serie A,Salernitana,2024,Antonio Candreva,6
Serie A,Monza,2024,Matteo Pessina,6
Ligue 1,Montpellier,2024,Arnaud Nordin,5
Ligue 1,Montpellier,2024,Musa Al-Taamari,5
Ligue 1,Lille,2024,Yusuf Yazıcı,5
Ligue 1,Lille,2024,Bafodé Diakité,5
Ligue 1,Nantes,2024,Matthis Abline,5
Ligue 1,Nice,2024,Gaëtan Laborde,5
Ligue 1,Toulouse,2024,Frank Magri,5
Ligue 1,Reims,2024,Oumar Diakité,5
Ligue 1,Lorient,2024,Romain Faivre,5
Ligue 1,Lorient,2024,Eli Junior Kroupi,5
Ligue 1,Le Havre,2024,André Ayew,5
Ligue 1,Le Havre,2024,Emmanuel Sabbi,5
Ligue 1,Le Havre,2024,Mohamed Lamine Bayo,5
Premier League,Newcastle Utd,2024,Harvey Barnes,5
Premier League,Fulham,2024,Alex Iwobi,5
Premier League,Liverpool,2024,Alexis Mac Allister,5
Premier League,Arsenal,2024,Eddie Nketiah,5
Premier League,Brighton,2024,Danny Welbeck,5
Premier League,Burnley,2024,Lyle Foster,5
Premier League,Burnley,2024,Zeki Amdouni,5
Premier League,Tottenham,2024,Brennan Johnson,5
Premier League,Tottenham,2024,Cristian Romero,5
Premier League,Chelsea,2024,Noni Madueke,5
Premier League,Chelsea,2024,Conor Gallagher,5
Premier League,Chelsea,2024,Mykhailo Mudryk,5
Premier League,Aston Villa,2024,Jhon Durán,5
Premier League,Nott'ham Forest,2024,Anthony Elanga,5
Premier League,Nott'ham Forest,2024,Morgan Gibbs-White,5
Premier League,Luton Town,2024,Ross Barkley,5
La Liga,Celta Vigo,2024,Williot Swedberg,5
La Liga,Girona,2024,Eric García,5
La Liga,Girona,2024,Iván Martín,5
La Liga,Girona,2024,Yangel Herrera,5
La Liga,Sevilla,2024,Dodi Lukebakio,5
La Liga,Athletic Club,2024,Nico Williams,5
La Liga,Barcelona,2024,Lamine Yamal,5
La Liga,Barcelona,2024,İlkay Gündoğan,5
La Liga,Alavés,2024,Luis Rioja,5
La Liga,Atlético Madrid,2024,Memphis,5
La Liga,Getafe,2024,Jaime Mata,5
La Liga,Real Sociedad,2024,Mikel Merino,5
La Liga,Real Sociedad,2024,Brais Méndez,5
La Liga,Cádiz,2024,Chris Ramos,5
Fußball-Bundesliga,Bayern Munich,2024,Thomas Müller,5
Fußball-Bundesliga,Wolfsburg,2024,Lovro Majer,5
Fußball-Bundesliga,M'Gladbach,2024,Jordan Pefok,5
Fußball-Bundesliga,M'Gladbach,2024,Nathan N'Goumou,5
Fußball-Bundesliga,Leverkusen,2024,Nathan Tella,5
Fußball-Bundesliga,Leverkusen,2024,Jonas Hofmann,5
Fußball-Bundesliga,Stuttgart,2024,Enzo Millot,5
Fußball-Bundesliga,Stuttgart,2024,Silas Katompa,5
Fußball-Bundesliga,Eint Frankfurt,2024,Junior Dina Ebimbe,5
Fußball-Bundesliga,RB Leipzig,2024,Yussuf Poulsen,5
Fußball-Bundesliga,RB Leipzig,2024,Christoph Baumgartner,5
Fußball-Bundesliga,Dortmund,2024,Youssoufa Moukoko,5
Fußball-Bundesliga,Köln,2024,Florian Kainz,5
Fußball-Bundesliga,Union Berlin,2024,Benedict Hollerbach,5
Fußball-Bundesliga,Bochum,2024,Keven Schlotterbeck,5
Serie A,Hellas Verona,2024,Milan Đurić,5
Serie A,Hellas Verona,2024,Tijjani Noslin,5
Serie A,Udinese,2024,Florian Thauvin,5
Serie A,Inter,2024,Denzel Dumfries,5
Serie A,Inter,2024,Federico Dimarco,5
Serie A,Bologna,2024,Giovanni Fabbian,5
Serie A,Lazio,2024,Luis Alberto,5
Serie A,Lazio,2024,Felipe Anderson,5
Serie A,Cagliari,2024,Nicolas Viola,5
Serie A,Fiorentina,2024,Lucas Martínez Quarta,5
Serie A,Genoa,2024,Caleb Ekuban,5
Serie A,Milan,2024,Theo Hernández,5
Serie A,Napoli,2024,Giacomo Raspadori,5
Serie A,Torino,2024,Antonio Sanabria,5
Serie A,Frosinone,2024,Luca Mazzitelli,5
Serie A,Lecce,2024,Roberto Piccoli,5
Serie A,Salernitana,2024,Loum Tchaouna,5
Serie A,Salernitana,2024,Giulio Maggiore,5
Serie A,Monza,2024,Milan Đurić,5
Ligue 1,Monaco,2024,Denis Zakaria,4
Ligue 1,Monaco,2024,Youssouf Fofana,4
Ligue 1,Paris S-G,2024,Achraf Hakimi,4
Ligue 1,Paris S-G,2024,Marco Asensio,4
Ligue 1,Paris S-G,2024,Bradley Barcola,4
Ligue 1,Lyon,2024,Jake O'Brien,4
Ligue 1,Lille,2024,Benjamin André,4
Ligue 1,Rennes,2024,Ludovic Blas,4
Ligue 1,Rennes,2024,Ibrahim Salah,4
Ligue 1,Rennes,2024,Désiré Doué,4
Ligue 1,Nantes,2024,Florent Mollet,4
Ligue 1,Strasbourg,2024,Kévin Gameiro,4
Ligue 1,Reims,2024,Keito Nakamura,4
Ligue 1,Reims,2024,Mohammed Daramy,4
Ligue 1,Reims,2024,Marshall Munetsi,4
Ligue 1,Reims,2024,Yunis Abdelhamid,4
Ligue 1,Brest,2024,Martin Satriano,4
Ligue 1,Brest,2024,Pierre Lees-Melou,4
Ligue 1,Brest,2024,Jérémy Le Douaron,4
Ligue 1,Lorient,2024,Bamba Dieng,4
Ligue 1,Lens,2024,Deiver Machado,4
Ligue 1,Lens,2024,David Pereira da Costa,4
Ligue 1,Clermont Foot,2024,Shamar Nicholson,4
Ligue 1,Le Havre,2024,Nabil Alioui,4
Premier League,Newcastle Utd,2024,Fabian Schär,4
Premier League,Fulham,2024,Willian,4
Premier League,Fulham,2024,Harry Wilson,4
Premier League,Fulham,2024,João Palhinha,4
Premier League,Bournemouth,2024,Marcos Senesi,4
Premier League,Wolves,2024,Mario Lemina,4
Premier League,Wolves,2024,Pablo Sarabia,4
Premier League,Arsenal,2024,Ben White,4
Premier League,Arsenal,2024,Gabriel Jesus,4
Premier League,Arsenal,2024,Gabriel Magalhães,4
Premier League,Brighton,2024,Pascal Groß,4
Premier League,Burnley,2024,Josh Brownhill,4
Premier League,Burnley,2024,David Datro Fofana,4
Premier League,Crystal Palace,2024,Jordan Ayew,4
Premier League,Tottenham,2024,James Maddison,4
Premier League,Everton,2024,Idrissa Gana Gueye,4
Premier League,West Ham,2024,Lucas Paquetá,4
Premier League,Manchester City,2024,Joško Gvardiol,4
Premier League,Manchester City,2024,Kevin De Bruyne,4
Premier League,Sheffield Utd,2024,Gustavo Hamer,4
Premier League,Sheffield Utd,2024,Cameron Archer,4
Premier League,Brentford,2024,Ivan Toney,4
Premier League,Luton Town,2024,Tahith Chong,4
Premier League,Luton Town,2024,Chiedozie Ogbene,4
La Liga,Valencia,2024,Javier Guerra,4
La Liga,Sevilla,2024,Isaac Bernal,4
La Liga,Sevilla,2024,Lucas Ocampos,4
La Liga,Athletic Club,2024,Oihan Sancet,4
La Liga,Barcelona,2024,Pedri,4
La Liga,Atlético Madrid,2024,Samuel Lino,4
La Liga,Getafe,2024,Nemanja Maksimović,4
La Liga,Las Palmas,2024,Marc Cardona,4
La Liga,Real Sociedad,2024,Ander Barrenetxea,4
La Liga,Real Sociedad,2024,Martín Zubimendi,4
La Liga,Real Madrid,2024,Dani Carvajal,4
La Liga,Rayo Vallecano,2024,Isaac Palazón Camacho,4
La Liga,Osasuna,2024,Iker Muñoz,4
La Liga,Cádiz,2024,Darwin Machís,4
Fußball-Bundesliga,Mainz 05,2024,Brajan Gruda,4
Fußball-Bundesliga,Mainz 05,2024,Leandro Barreiro Martins,4
Fußball-Bundesliga,Wolfsburg,2024,Maxence Lacroix,4
Fußball-Bundesliga,Wolfsburg,2024,Václav Černý,4
Fußball-Bundesliga,Hoffenheim,2024,Ozan Kabak,4
Fußball-Bundesliga,Hoffenheim,2024,Grischa Prömel,4
Fußball-Bundesliga,M'Gladbach,2024,Florian Neuhaus,4
Fußball-Bundesliga,M'Gladbach,2024,Tomáš Čvančara,4
Fußball-Bundesliga,Leverkusen,2024,Amine Adli,4
Fußball-Bundesliga,Leverkusen,2024,Jonathan Tah,4
Fußball-Bundesliga,Leverkusen,2024,Robert Andrich,4
Fußball-Bundesliga,Leverkusen,2024,Exequiel Palacios,4
Fußball-Bundesliga,Werder Bremen,2024,Rafael Borré,4
Fußball-Bundesliga,Werder Bremen,2024,Romano Schmid,4
Fußball-Bundesliga,Stuttgart,2024,Jamie Leweling,4
Fußball-Bundesliga,Eint Frankfurt,2024,Hugo Ekitike,4
Fußball-Bundesliga,Augsburg,2024,Ruben Vargas,4
Fußball-Bundesliga,RB Leipzig,2024,Dani Olmo,4
Fußball-Bundesliga,Dortmund,2024,Julian Ryerson,4
Fußball-Bundesliga,Dortmund,2024,Marcel Sabitzer,4
Fußball-Bundesliga,Köln,2024,Faride Alidou,4
Fußball-Bundesliga,Union Berlin,2024,Kevin Behrens,4
Fußball-Bundesliga,Bochum,2024,Philipp Hofmann,4
Fußball-Bundesliga,Darmstadt 98,2024,Oscar Vilhelmsson,4
Serie A,Juventus,2024,Federico Gatti,4
Serie A,Juventus,2024,Gleison Bremer,4
Serie A,Juventus,2024,Arkadiusz Milik,4
Serie A,Hellas Verona,2024,Tomáš Suslov,4
Serie A,Udinese,2024,Roberto Pereyra,4
Serie A,Bologna,2024,Alexis Saelemaekers,4
Serie A,Lazio,2024,Valentín Castellanos,4
Serie A,Cagliari,2024,Zito Luvumbo,4
Serie A,Cagliari,2024,Gianluca Gaetano,4
Serie A,Cagliari,2024,Leonardo Pavoletti,4
Serie A,Roma,2024,Houssem Aouar,4
Serie A,Roma,2024,Gianluca Mancini,4
Serie A,Fiorentina,2024,Arthur Melo,4
Serie A,Fiorentina,2024,M'Bala Nzola,4
Serie A,Genoa,2024,Ruslan Malinovskyi,4
Serie A,Milan,2024,Fikayo Tomori,4
Serie A,Napoli,2024,Amir Rrahmani,4
Serie A,Torino,2024,Ivan Ilić,4
Serie A,Empoli,2024,Szymon Żurkowski,4
Serie A,Empoli,2024,Matteo Cancellieri,4
Serie A,Frosinone,2024,Marco Brescianini,4
Serie A,Salernitana,2024,Boulaye Dia,4
Serie A,Monza,2024,Dany Mota,4
Serie A,Monza,2024,Daniel Maldini,4
Serie A,Monza,2024,Lorenzo Colombo,4
Ligue 1,Monaco,2024,Vanderson,3
Ligue 1,Paris S-G,2024,Lee Kang-in,3
Ligue 1,Paris S-G,2024,Ousmane Dembélé,3
Ligue 1,Lyon,2024,Ernest Nuamah,3
Ligue 1,Lyon,2024,Malick Fofana,3
Ligue 1,Lyon,2024,Saïd Benrahma,3
Ligue 1,Lyon,2024,Corentin Tolisso,3
Ligue 1,Lyon,2024,Nicolás Tagliafico,3
Ligue 1,Metz,2024,Ablie Jallow,3
Ligue 1,Metz,2024,Matthieu Udol,3
Ligue 1,Metz,2024,Cheikh Tidiane Sabaly,3
Ligue 1,Montpellier,2024,Khalil Fayad,3
Ligue 1,Marseille,2024,Vitinha,3
Ligue 1,Marseille,2024,Ismaila Sarr,3
Ligue 1,Marseille,2024,Samuel Gigot,3
Ligue 1,Marseille,2024,Iliman Ndiaye,3
Ligue 1,Marseille,2024,Jonathan Clauss,3
Ligue 1,Marseille,2024,Faris Pemi Moumbagna,3
Ligue 1,Marseille,2024,Michael Amir Murillo,3
Ligue 1,Nantes,2024,Moses Simon,3
Ligue 1,Strasbourg,2024,Dilane Bakwa,3
Ligue 1,Strasbourg,2024,Habib Diarra,3
Ligue 1,Strasbourg,2024,Lebo Mothiba,3
Ligue 1,Strasbourg,2024,Dion Moise Sahi,3
Ligue 1,Toulouse,2024,Yann Gboho,3
Ligue 1,Toulouse,2024,Zakaria Aboukhlal,3
Ligue 1,Reims,2024,Junya Ito,3
Ligue 1,Reims,2024,Amir Richardson,3
Ligue 1,Brest,2024,Lilian Brassier,3
Ligue 1,Brest,2024,Mathias Pereira Lage,3
Ligue 1,Lorient,2024,Julien Ponceau,3
Ligue 1,Lens,2024,Przemysław Frankowski,3
Ligue 1,Le Havre,2024,Christopher Operi,3
Premier League,Manchester Utd,2024,Kobbie Mainoo,3
Premier League,Newcastle Utd,2024,Jacob Murphy,3
Premier League,Newcastle Utd,2024,Miguel Almirón,3
Premier League,Fulham,2024,Andreas Pereira,3
Premier League,Bournemouth,2024,Marcus Tavernier,3
Premier League,Liverpool,2024,Harvey Elliott,3
Premier League,Liverpool,2024,Andrew Robertson,3
Premier League,Liverpool,2024,Dominik Szoboszlai,3
Premier League,Liverpool,2024,Trent Alexander-Arnold,3
Premier League,Brighton,2024,Lewis Dunk,3
Premier League,Brighton,2024,Solly March,3
Premier League,Brighton,2024,Kaoru Mitoma,3
Premier League,Brighton,2024,Jack Hinshelwood,3
Premier League,Brighton,2024,Facundo Buonanotte,3
Premier League,Burnley,2024,Dara O'Shea,3
Premier League,Burnley,2024,Wilson Odobert,3
Premier League,Tottenham,2024,Pedro Porro,3
Premier League,Tottenham,2024,Pape Matar Sarr,3
Premier League,Tottenham,2024,Micky van de Ven,3
Premier League,Everton,2024,Beto,3
Premier League,Everton,2024,Dwight McNeil,3
Premier League,Everton,2024,Jack Harrison,3
Premier League,Everton,2024,Jarrad Branthwaite,3
Premier League,West Ham,2024,Kurt Zouma,3
Premier League,Manchester City,2024,Jeremy Doku,3
Premier League,Manchester City,2024,Jack Grealish,3
Premier League,Chelsea,2024,Thiago Silva,3
Premier League,Chelsea,2024,Enzo Fernández,3
Premier League,Chelsea,2024,Christopher Nkunku,3
Premier League,Sheffield Utd,2024,James Mcatee,3
Premier League,Sheffield Utd,2024,Jayden Bogle,3
Premier League,Aston Villa,2024,Morgan Rogers,3
Premier League,Brentford,2024,Mathias Jensen,3
Premier League,Brentford,2024,Keane Lewis-Potter,3
La Liga,Valencia,2024,Diego López,3
La Liga,Valencia,2024,Roman Yaremchuk,3
La Liga,Celta Vigo,2024,Jonathan Bamba,3
La Liga,Girona,2024,David López,3
La Liga,Girona,2024,Aleix García,3
La Liga,Sevilla,2024,Kike Salas,3
La Liga,Sevilla,2024,Sergio Ramos,3
La Liga,Athletic Club,2024,Mikel Vesga,3
La Liga,Athletic Club,2024,Yuri Berchiche,3
La Liga,Barcelona,2024,Sergi Roberto,3
La Liga,Alavés,2024,Kiké,3
La Liga,Alavés,2024,Jon Guridi,3
La Liga,Alavés,2024,Carlos Benavídez,3
La Liga,Atlético Madrid,2024,Rodrigo De Paul,3
La Liga,Atlético Madrid,2024,Rodrigo Riquelme,3
La Liga,Las Palmas,2024,Alberto Moleiro,3
La Liga,Las Palmas,2024,Munir El Haddadi,3
La Liga,Betis,2024,Pablo Fornals,3
La Liga,Real Sociedad,2024,Umar Sadiq,3
La Liga,Real Sociedad,2024,André Silva,3
La Liga,Villarreal,2024,Jorge Cuenca,3
La Liga,Villarreal,2024,Daniel Parejo,3
La Liga,Villarreal,2024,Gonçalo Guedes,3
La Liga,Real Madrid,2024,Lucas Vázquez,3
La Liga,Real Madrid,2024,Aurélien Tchouaméni,3
La Liga,Rayo Vallecano,2024,Sergio Camello,3
La Liga,Rayo Vallecano,2024,Florian Lejeune,3
La Liga,Mallorca,2024,Cyle Larin,3
La Liga,Mallorca,2024,Antonio Raillo,3
La Liga,Mallorca,2024,Antonio Sánchez,3
La Liga,Granada,2024,Ricard Sánchez,3
La Liga,Osasuna,2024,Moi Gómez,3
La Liga,Osasuna,2024,Rubén García,3
La Liga,Cádiz,2024,Juanmi,3
La Liga,Cádiz,2024,Rubén Alcaraz,3
La Liga,Almería,2024,Luka Romero,3
La Liga,Almería,2024,Adri Embarba,3
La Liga,Almería,2024,Anthony Lozano,3
La Liga,Almería,2024,Largie Ramazani,3
Fußball-Bundesliga,Bayern Munich,2024,Serge Gnabry,3
Fußball-Bundesliga,Bayern Munich,2024,Kingsley Coman,3
Fußball-Bundesliga,Bayern Munich,2024,Raphaël Guerreiro,3
Fußball-Bundesliga,Mainz 05,2024,Sepp van den Berg,3
Fußball-Bundesliga,Wolfsburg,2024,Kevin Paredes,3
Fußball-Bundesliga,Hoffenheim,2024,Robert Skov,3
Fußball-Bundesliga,Hoffenheim,2024,Pavel Kadeřábek,3
Fußball-Bundesliga,Freiburg,2024,Roland Sallai,3
Fußball-Bundesliga,M'Gladbach,2024,Ko Itakura,3
Fußball-Bundesliga,M'Gladbach,2024,Franck Honorat,3
Fußball-Bundesliga,Leverkusen,2024,Granit Xhaka,3
Fußball-Bundesliga,Leverkusen,2024,Josip Stanišić,3
Fußball-Bundesliga,Werder Bremen,2024,Jens Stage,3
Fußball-Bundesliga,Werder Bremen,2024,Mitchell Weiser,3
Fußball-Bundesliga,Eint Frankfurt,2024,Mario Götze,3
Fußball-Bundesliga,Eint Frankfurt,2024,Niels Nkounkou,3
Fußball-Bundesliga,Augsburg,2024,Arne Engels,3
Fußball-Bundesliga,Dortmund,2024,Mats Hummels,3
Fußball-Bundesliga,Dortmund,2024,Karim Adeyemi,3
Fußball-Bundesliga,Köln,2024,Steffen Tigges,3
Fußball-Bundesliga,Köln,2024,Luca Waldschmidt,3
Fußball-Bundesliga,Union Berlin,2024,Kevin Volland,3
Fußball-Bundesliga,Union Berlin,2024,Yorbe Vertessen,3
Fußball-Bundesliga,Bochum,2024,Maximilian Wittek,3
Fußball-Bundesliga,Bochum,2024,Gonçalo Paciência,3
Fußball-Bundesliga,Darmstadt 98,2024,Tobias Kempe,3
Fußball-Bundesliga,Darmstadt 98,2024,Marvin Mehlem,3
Fußball-Bundesliga,Heidenheim,2024,Kevin Sessa,3
Fußball-Bundesliga,Heidenheim,2024,Nikola Dovedan,3
Fußball-Bundesliga,Heidenheim,2024,Marvin Pieringer,3
Serie A,Hellas Verona,2024,Thomas Henry,3
Serie A,Hellas Verona,2024,Darko Lazović,3
Serie A,Hellas Verona,2024,Karol Świderski,3
Serie A,Hellas Verona,2024,Federico Bonazzoli,3
Serie A,Atalanta,2024,Aleksei Miranchuk,3
Serie A,Inter,2024,Francesco Acerbi,3
Serie A,Lazio,2024,Daichi Kamada,3
Serie A,Lazio,2024,Gustav Isaksen,3
Serie A,Cagliari,2024,Yerry Mina,3
Serie A,Cagliari,2024,Eldor Shomurodov,3
Serie A,Cagliari,2024,Gianluca Lapadula,3
Serie A,Roma,2024,Sardar Azmoun,3
Serie A,Roma,2024,Andrea Belotti,3
Serie A,Roma,2024,Bryan Cristante,3
Serie A,Roma,2024,Leandro Paredes,3
Serie A,Roma,2024,Stephan El Shaarawy,3
Serie A,Fiorentina,2024,Andrea Belotti,3
Serie A,Fiorentina,2024,Jonathan Ikone,3
Serie A,Fiorentina,2024,Cristiano Biraghi,3
Serie A,Fiorentina,2024,Rolando Mandragora,3
Serie A,Milan,2024,Matteo Gabbia,3
Serie A,Milan,2024,Ismaël Bennacer,3
Serie A,Milan,2024,Tijjani Reijnders,3
Serie A,Napoli,2024,Piotr Zieliński,3
Serie A,Torino,2024,Nikola Vlašić,3
Serie A,Torino,2024,Nemanja Radonjić,3
Serie A,Torino,2024,Alessandro Buongiorno,3
Serie A,Empoli,2024,Francesco Caputo,3
Serie A,Frosinone,2024,Kaio Jorge,3
Serie A,Frosinone,2024,Abdou Harroui,3
Serie A,Lecce,2024,Remi Oudin,3
Serie A,Salernitana,2024,Simeon Nwankwo,3
Serie A,Salernitana,2024,Grigoris Kastanos,3
Ligue 1,Monaco,2024,Eliesse Ben Seghir,2
Ligue 1,Paris S-G,2024,Carlos Soler,2
Ligue 1,Paris S-G,2024,Warren Zaire-Emery,2
Ligue 1,Lyon,2024,Orel Mangala,2
Ligue 1,Lyon,2024,Mama Samba Baldé,2
Ligue 1,Metz,2024,Joel Asoro,2
Ligue 1,Metz,2024,Ismaël Traoré,2
Ligue 1,Metz,2024,Papa Amadou Diallo,2
Ligue 1,Montpellier,2024,Modibo Sagnan,2
Ligue 1,Lille,2024,Leny Yoro,2
Ligue 1,Lille,2024,Rémy Cabella,2
Ligue 1,Lille,2024,Hákon Arnar Haraldsson,2
Ligue 1,Marseille,2024,Chancel Mbemba,2
Ligue 1,Marseille,2024,Azzedine Ounahi,2
Ligue 1,Marseille,2024,Leonardo Balerdi,2
Ligue 1,Rennes,2024,Arthur Theate,2
Ligue 1,Nantes,2024,Eray Cömert,2
Ligue 1,Nantes,2024,Abdoul Kader Bamba,2
Ligue 1,Nantes,2024,Jean-Charles Castelletto,2
Ligue 1,Nice,2024,Morgan Sanson,2
Ligue 1,Nice,2024,Hicham Boudaoui,2
Ligue 1,Strasbourg,2024,Abakar Sylla,2
Ligue 1,Strasbourg,2024,Jérémy Sebas,2
Ligue 1,Strasbourg,2024,Frederic Guilbert,2
Ligue 1,Strasbourg,2024,Jean-Ricner Bellegarde,2
Ligue 1,Toulouse,2024,Christian Mawissa,2
Ligue 1,Toulouse,2024,Rasmus Nicolaisen,2
Ligue 1,Reims,2024,Sergio Akieme,2
Ligue 1,Brest,2024,Kenny Lala,2
Ligue 1,Brest,2024,Hugo Magnetti,2
Ligue 1,Lorient,2024,Tosin Aiyegun,2
Ligue 1,Lorient,2024,Benjamin Mendy,2
Ligue 1,Lorient,2024,Laurent Abergel,2
Ligue 1,Lorient,2024,Tiemoué Bakayoko,2
Ligue 1,Lens,2024,Morgan Guilavogui,2
Ligue 1,Clermont Foot,2024,Elba Rashani,2
Ligue 1,Clermont Foot,2024,Grejohn Kyei,2
Ligue 1,Clermont Foot,2024,Jim Allevinah,2
Ligue 1,Le Havre,2024,Daler Kuzyaev,2
Ligue 1,Le Havre,2024,Gautier Lloris,2
Ligue 1,Le Havre,2024,Yassine Kechta,2
Ligue 1,Le Havre,2024,Abdoulaye Touré,2
Premier League,Manchester Utd,2024,Diogo Dalot,2
Premier League,Manchester Utd,2024,Harry Maguire,2
Premier League,Newcastle Utd,2024,Dan Burn,2
Premier League,Newcastle Utd,2024,Joelinton,2
Premier League,Newcastle Utd,2024,Sven Botman,2
Premier League,Fulham,2024,Adama Traoré,2
Premier League,Fulham,2024,Carlos Vinícius,2
Premier League,Fulham,2024,Tosin Adarabioyo,2
Premier League,Bournemouth,2024,Enes Ünal,2
Premier League,Bournemouth,2024,Philip Billing,2
Premier League,Bournemouth,2024,Luis Sinisterra,2
Premier League,Wolves,2024,Max Kilman,2
Premier League,Wolves,2024,Pedro Neto,2
Premier League,Wolves,2024,João Gomes,2
Premier League,Wolves,2024,Sasa Kalajdzic,2
Premier League,Wolves,2024,Rayan Aït-Nouri,2
Premier League,Wolves,2024,Jean-Ricner Bellegarde,2
Premier League,Liverpool,2024,Jarell Quansah,2
Premier League,Liverpool,2024,Virgil van Dijk,2
Premier League,Arsenal,2024,William Saliba,2
Premier League,Arsenal,2024,Takehiro Tomiyasu,2
Premier League,Brighton,2024,Ansu Fati,2
Premier League,Brighton,2024,Pervis Estupiñán,2
Premier League,Burnley,2024,Josh Cullen,2
Premier League,Burnley,2024,Jay Rodriguez,2
Premier League,Crystal Palace,2024,Jeffrey Schlupp,2
Premier League,Crystal Palace,2024,Tyrick Mitchell,2
Premier League,Crystal Palace,2024,Joachim Andersen,2
Premier League,Tottenham,2024,Timo Werner,2
Premier League,Tottenham,2024,Destiny Udogie,2
Premier League,Tottenham,2024,Giovani Lo Celso,2
Premier League,Everton,2024,Amadou Onana,2
Premier League,Everton,2024,Vitaliy Mykolenko,2
Premier League,Manchester City,2024,Rico Lewis,2
Premier League,Manchester City,2024,Nathan Aké,2
Premier League,Manchester City,2024,Manuel Akanji,2
Premier League,Chelsea,2024,Axel Disasi,2
Premier League,Sheffield Utd,2024,Anel Ahmedhodžić,2
Premier League,Aston Villa,2024,Matty Cash,2
Premier League,Aston Villa,2024,Pau Torres,2
Premier League,Aston Villa,2024,Álex Moreno,2
Premier League,Aston Villa,2024,Nicolò Zaniolo,2
Premier League,Aston Villa,2024,Youri Tielemans,2
Premier League,Brentford,2024,Ben Mee,2
Premier League,Brentford,2024,Kevin Schade,2
Premier League,Brentford,2024,Ethan Pinnock,2
Premier League,Brentford,2024,Kristoffer Ajer,2
Premier League,Brentford,2024,Christian Nørgaard,2
Premier League,Nott'ham Forest,2024,Danilo,2
Premier League,Nott'ham Forest,2024,Willy Boly,2
Premier League,Nott'ham Forest,2024,Nicolás Domínguez,2
Premier League,Luton Town,2024,Luke Berry,2
Premier League,Luton Town,2024,Jacob Brown,2
Premier League,Luton Town,2024,Gabriel Osho,2
Premier League,Luton Town,2024,Alfie Doughty,2
La Liga,Valencia,2024,Domingos André Ribeiro Almeida,2
La Liga,Celta Vigo,2024,Óscar Mingueza,2
La Liga,Girona,2024,Miguel Gutiérrez,2
La Liga,Girona,2024,Valery Fernández,2
La Liga,Sevilla,2024,Rafa Mir,2
La Liga,Sevilla,2024,Érik Lamela,2
La Liga,Sevilla,2024,Ivan Rakitić,2
La Liga,Athletic Club,2024,Unai Gómez,2
La Liga,Athletic Club,2024,Iker Muniain,2
La Liga,Athletic Club,2024,Asier Villalibre,2
La Liga,Barcelona,2024,Vitor Roque,2
La Liga,Barcelona,2024,João Cancelo,2
La Liga,Barcelona,2024,Frenkie de Jong,2
La Liga,Barcelona,2024,Andreas Christensen,2
La Liga,Alavés,2024,Rubén Duarte,2
La Liga,Alavés,2024,Carlos Vicente,2
La Liga,Atlético Madrid,2024,Axel Witsel,2
La Liga,Atlético Madrid,2024,Nahuel Molina,2
La Liga,Atlético Madrid,2024,Reinildo Mandava,2
La Liga,Getafe,2024,Juanmi Latasa,2
La Liga,Getafe,2024,Gastón Álvarez,2
La Liga,Getafe,2024,Óscar Rodríguez Arnaiz,2
La Liga,Las Palmas,2024,Juan Herzog,2
La Liga,Las Palmas,2024,Javier Muñoz,2
La Liga,Las Palmas,2024,Álex Suárez,2
La Liga,Las Palmas,2024,Jonathan Viera,2
La Liga,Las Palmas,2024,Francisco Jesús Crespo García,2
La Liga,Betis,2024,Marc Roca,2
La Liga,Betis,2024,Assane Diao,2
La Liga,Betis,2024,Aitor Ruibal,2
La Liga,Betis,2024,Guido Rodríguez,2
La Liga,Real Sociedad,2024,Sheraldo Becker,2
La Liga,Real Sociedad,2024,Robin Le Normand,2
La Liga,Real Sociedad,2024,Carlos Fernández,2
La Liga,Villarreal,2024,Alex Baena,2
La Liga,Villarreal,2024,Alberto Moreno,2
La Liga,Villarreal,2024,Ilias Akhomach,2
La Liga,Villarreal,2024,Santi Comesaña,2
La Liga,Villarreal,2024,Yerson Mosquera,2
La Liga,Real Madrid,2024,Luka Modrić,2
La Liga,Real Madrid,2024,Federico Valverde,2
La Liga,Rayo Vallecano,2024,Bebé,2
La Liga,Rayo Vallecano,2024,Jorge de Frutos,2
La Liga,Mallorca,2024,Sergi Darder,2
La Liga,Mallorca,2024,Dani Rodríguez,2
La Liga,Mallorca,2024,Matija Nastasić,2
La Liga,Granada,2024,Bruno Méndez,2
La Liga,Granada,2024,Facundo Pellistri,2
La Liga,Osasuna,2024,Aimar Oroz,2
La Liga,Osasuna,2024,José Arnaiz,2
La Liga,Cádiz,2024,Roger Martí,2
La Liga,Almería,2024,Sergio Akieme,2
La Liga,Almería,2024,Édgar González,2
Fußball-Bundesliga,Bayern Munich,2024,Alphonso Davies,2
Fußball-Bundesliga,Bayern Munich,2024,Matthijs de Ligt,2
Fußball-Bundesliga,Bayern Munich,2024,Aleksandar Pavlovic,2
Fußball-Bundesliga,Bayern Munich,2024,Eric Maxim Choupo-Moting,2
Fußball-Bundesliga,Mainz 05,2024,Anthony Caci,2
Fußball-Bundesliga,Mainz 05,2024,Ludovic Ajorque,2
Fußball-Bundesliga,Wolfsburg,2024,Joakim Mæhle,2
Fußball-Bundesliga,Wolfsburg,2024,Patrick Wimmer,2
Fußball-Bundesliga,Wolfsburg,2024,Yannick Gerhardt,2
Fußball-Bundesliga,Wolfsburg,2024,Maximilian Arnold,2
Fußball-Bundesliga,Hoffenheim,2024,Anton Stach,2
Fußball-Bundesliga,Hoffenheim,2024,John Brooks,2
Fußball-Bundesliga,Freiburg,2024,Merlin Röhl,2
Fußball-Bundesliga,M'Gladbach,2024,Nico Elvedi,2
Fußball-Bundesliga,M'Gladbach,2024,Julian Weigl,2
Fußball-Bundesliga,M'Gladbach,2024,Maximilian Wöber,2
Fußball-Bundesliga,Leverkusen,2024,Adam Hložek,2
Fußball-Bundesliga,Werder Bremen,2024,Niklas Stark,2
Fußball-Bundesliga,Werder Bremen,2024,Olivier Deman,2
Fußball-Bundesliga,Werder Bremen,2024,Nick Woltemade,2
Fußball-Bundesliga,Werder Bremen,2024,Miloš Veljković,2
Fußball-Bundesliga,Stuttgart,2024,Josha Vagnoman,2
Fußball-Bundesliga,Stuttgart,2024,Jeong Woo-yeong,2
Fußball-Bundesliga,Stuttgart,2024,Maximilian Mittelstädt,2
Fußball-Bundesliga,Eint Frankfurt,2024,Robin Koch,2
Fußball-Bundesliga,Eint Frankfurt,2024,Hugo Larsson,2
Fußball-Bundesliga,Eint Frankfurt,2024,Ellyes Skhiri,2
Fußball-Bundesliga,Eint Frankfurt,2024,Fares Chaïbi,2
Fußball-Bundesliga,Augsburg,2024,Arne Maier,2
Fußball-Bundesliga,Augsburg,2024,Sven Michel,2
Fußball-Bundesliga,Augsburg,2024,Fredrik Jensen,2
Fußball-Bundesliga,Augsburg,2024,Dion Drena Beljo,2
Fußball-Bundesliga,Augsburg,2024,Elvis Rexhbeçaj,2
Fußball-Bundesliga,Augsburg,2024,Kristijan Jakić,2
Fußball-Bundesliga,Augsburg,2024,Ohis Felix Uduokhai,2
Fußball-Bundesliga,RB Leipzig,2024,David Raum,2
Fußball-Bundesliga,RB Leipzig,2024,Timo Werner,2
Fußball-Bundesliga,RB Leipzig,2024,Emil Forsberg,2
Fußball-Bundesliga,RB Leipzig,2024,Amadou Haidara,2
Fußball-Bundesliga,RB Leipzig,2024,Mohamed Simakan,2
Fußball-Bundesliga,Dortmund,2024,Emre Can,2
Fußball-Bundesliga,Dortmund,2024,Ian Maatsen,2
Fußball-Bundesliga,Dortmund,2024,Jadon Sancho,2
Fußball-Bundesliga,Dortmund,2024,Nico Schlotterbeck,2
Fußball-Bundesliga,Köln,2024,Damion Downs,2
Fußball-Bundesliga,Union Berlin,2024,Danilho Doekhi,2
Fußball-Bundesliga,Union Berlin,2024,Brenden Aaronson,2
Fußball-Bundesliga,Bochum,2024,Felix Passlack,2
Fußball-Bundesliga,Bochum,2024,Patrick Osterhage,2
Fußball-Bundesliga,Bochum,2024,Moritz Broschinski,2
Fußball-Bundesliga,Bochum,2024,Christopher Antwi-Adjei,2
Fußball-Bundesliga,Darmstadt 98,2024,Julian Justvan,2
Fußball-Bundesliga,Darmstadt 98,2024,Christoph Klarer,2
Fußball-Bundesliga,Heidenheim,2024,Jan Schöppner,2
Fußball-Bundesliga,Heidenheim,2024,Patrick Mainka,2
Serie A,Juventus,2024,Daniele Rugani,2
Serie A,Juventus,2024,Kenan Yıldız,2
Serie A,Juventus,2024,Andrea Cambiaso,2
Serie A,Hellas Verona,2024,Diego Coppola,2
Serie A,Atalanta,2024,Luis Muriel,2
Serie A,Atalanta,2024,El Bilal Touré,2
Serie A,Atalanta,2024,Davide Zappacosta,2
Serie A,Udinese,2024,Walace,2
Serie A,Udinese,2024,Keinan Davis,2
Serie A,Udinese,2024,Oier Zarraga,2
Serie A,Udinese,2024,Martín Payero,2
Serie A,Inter,2024,Matteo Darmian,2
Serie A,Inter,2024,Tajon Buchanan,2
Serie A,Inter,2024,Alexis Sánchez,2
Serie A,Inter,2024,Nicolò Barella,2
Serie A,Inter,2024,Henrikh Mkhitaryan,2
Serie A,Inter,2024,Yann Aurel Bisseck,2
Serie A,Bologna,2024,Jens Odgaard,2
Serie A,Bologna,2024,Oussama El Azzouzi,2
Serie A,Bologna,2024,Riccardo Calafiori,2
Serie A,Bologna,2024,Lorenzo De Silvestri,2
Serie A,Bologna,2024,Charalambos Lykogiannis,2
Serie A,Lazio,2024,Patric,2
Serie A,Lazio,2024,Mattéo Guendouzi,2
Serie A,Sassuolo,2024,Nedim Bajrami,2
Serie A,Sassuolo,2024,Matheus Henrique,2
Serie A,Cagliari,2024,Alberto Dossena,2
Serie A,Cagliari,2024,Nahitan Nández,2
Serie A,Cagliari,2024,Ibrahim Sulemana,2
Serie A,Cagliari,2024,Alessandro Deiola,2
Serie A,Cagliari,2024,Gaetano Oristanio,2
Serie A,Cagliari,2024,Kingstone Mutandwa,2
Serie A,Roma,2024,Dean Huijsen,2
Serie A,Fiorentina,2024,Luca Ranieri,2
Serie A,Fiorentina,2024,Alfred Duncan,2
Serie A,Fiorentina,2024,Antonín Barák,2
Serie A,Fiorentina,2024,Riccardo Sottil,2
Serie A,Fiorentina,2024,Christian Kouamé,2
Serie A,Genoa,2024,Vitinha,2
Serie A,Genoa,2024,Mattia Bani,2
Serie A,Genoa,2024,Milan Badelj,2
Serie A,Genoa,2024,Morten Thorsby,2
Serie A,Genoa,2024,Morten Frendrup,2
Serie A,Genoa,2024,Radu Drăgușin,2
Serie A,Milan,2024,Alessandro Florenzi,2
Serie A,Napoli,2024,Elif Elmas,2
Serie A,Torino,2024,Zanos Savva,2
Serie A,Torino,2024,Pietro Pellegri,2
Serie A,Torino,2024,Ricardo Rodríguez,2
Serie A,Empoli,2024,Tommaso Baldanzi,2
Serie A,Frosinone,2024,Reinier,2
Serie A,Frosinone,2024,Pol Lirola,2
Serie A,Frosinone,2024,Ilario Monterisi,2
Serie A,Lecce,2024,Lameck Banda,2
Serie A,Lecce,2024,Patrick Dorgu,2
Serie A,Lecce,2024,Nicola Sansone,2
Serie A,Lecce,2024,Pontus Almqvist,2
Serie A,Lecce,2024,Valentin Gendrey,2
Serie A,Salernitana,2024,Niccolò Pierozzi,2
Serie A,Monza,2024,Valentin Carboni,2
Ligue 1,Monaco,2024,Myron Boadu,1
Ligue 1,Monaco,2024,Breel Embolo,1
Ligue 1,Monaco,2024,Thilo Kehrer,1
Ligue 1,Monaco,2024,Ismail Jakobs,1
Ligue 1,Monaco,2024,Mohamed Camara,1
Ligue 1,Monaco,2024,Wilfried Singo,1
Ligue 1,Monaco,2024,Kassoum Ouattara,1
Ligue 1,Monaco,2024,Guillermo Maripán,1
Ligue 1,Paris S-G,2024,Nuno Mendes,1
Ligue 1,Paris S-G,2024,Yoram Zague,1
Ligue 1,Paris S-G,2024,Lucas Beraldo,1
Ligue 1,Paris S-G,2024,Lucas Hernández,1
Ligue 1,Paris S-G,2024,Fabián Ruiz Peña,1
Ligue 1,Lyon,2024,Henrique,1
Ligue 1,Lyon,2024,Jeffinho,1
Ligue 1,Lyon,2024,Gift Orban,1
Ligue 1,Lyon,2024,Rayan Cherki,1
Ligue 1,Lyon,2024,Skelly Alvero,1
Ligue 1,Lyon,2024,Maxence Caqueret,1
Ligue 1,Lyon,2024,Ainsley Maitland-Niles,1
Ligue 1,Metz,2024,Ibou Sané,1
Ligue 1,Metz,2024,Arthur Atta,1
Ligue 1,Metz,2024,Simon Elisor,1
Ligue 1,Metz,2024,Lamine Camara,1
Ligue 1,Metz,2024,Youssef Maziz,1
Ligue 1,Metz,2024,Didier Lamkel Zé,1
Ligue 1,Metz,2024,Kévin Van Den Kerkhof,1
Ligue 1,Montpellier,2024,Jordan Ferri,1
Ligue 1,Montpellier,2024,Wahbi Khazri,1
Ligue 1,Montpellier,2024,Yann Karamoh,1
Ligue 1,Montpellier,2024,Issiaga Sylla,1
Ligue 1,Montpellier,2024,Maxime Estève,1
Ligue 1,Montpellier,2024,Othmane Maamma,1
Ligue 1,Montpellier,2024,Lucas Mincarelli,1
Ligue 1,Montpellier,2024,Tanguy Coulibaly,1
Ligue 1,Montpellier,2024,Christopher Jullien,1
Ligue 1,Lille,2024,Ismaily,1
Ligue 1,Lille,2024,Adam Ounas,1
Ligue 1,Lille,2024,Tiago santos,1
Ligue 1,Lille,2024,Ivan Cavaleiro,1
Ligue 1,Lille,2024,Gabriel Gudmundsson,1
Ligue 1,Marseille,2024,Jean Onana,1
Ligue 1,Marseille,2024,Pape Gueye,1
Ligue 1,Marseille,2024,Amine Harit,1
Ligue 1,Marseille,2024,Emran Soglo,1
Ligue 1,Marseille,2024,Luis Henrique,1
Ligue 1,Marseille,2024,Jordan Veretout,1
Ligue 1,Rennes,2024,Jeremy Doku,1
Ligue 1,Rennes,2024,Warmed Omari,1
Ligue 1,Rennes,2024,Fabian Rieder,1
Ligue 1,Rennes,2024,Adrien Truffert,1
Ligue 1,Rennes,2024,Lorenz Assignon,1
Ligue 1,Rennes,2024,Christopher Wooh,1
Ligue 1,Nantes,2024,Marcus Coco,1
Ligue 1,Nantes,2024,Tino Kadewere,1
Ligue 1,Nantes,2024,Pedro Chirivella,1
Ligue 1,Nantes,2024,Samuel Moutoussamy,1
Ligue 1,Nice,2024,Dante,1
Ligue 1,Nice,2024,Melvin Bard,1
Ligue 1,Nice,2024,Tom Louchet,1
Ligue 1,Nice,2024,Youcef Atal,1
Ligue 1,Nice,2024,Jordan Lotomba,1
Ligue 1,Nice,2024,Mohamed Ali Cho,1
Ligue 1,Nice,2024,Khéphren Thuram,1
Ligue 1,Strasbourg,2024,Andrey Santos,1
Ligue 1,Strasbourg,2024,Junior Mwanga,1
Ligue 1,Strasbourg,2024,Marvin Senaya,1
Ligue 1,Strasbourg,2024,Thomas Delaine,1
Ligue 1,Toulouse,2024,Gelabert,1
Ligue 1,Toulouse,2024,Logan Costa,1
Ligue 1,Toulouse,2024,Moussa Diarra,1
Ligue 1,Toulouse,2024,Shavy Babicka,1
Ligue 1,Toulouse,2024,Niklas Schmidt,1
Ligue 1,Toulouse,2024,Ibrahim Cissoko,1
Ligue 1,Toulouse,2024,Cristian Cásseres Jr.,1
Ligue 1,Reims,2024,Reda Khadra,1
Ligue 1,Reims,2024,Joseph Okumu,1
Ligue 1,Reims,2024,Azor Matusiwa,1
Ligue 1,Reims,2024,Emmanuel Agbadou,1
Ligue 1,Reims,2024,Josh Wilson-Esbrand,1
Ligue 1,Brest,2024,Jordan Amavi,1
Ligue 1,Brest,2024,Brendan Chardonnet,1
Ligue 1,Lorient,2024,Ayman Kari,1
Ligue 1,Lorient,2024,Imran Louza,1
Ligue 1,Lorient,2024,Darlin Yongwa,1
Ligue 1,Lorient,2024,Mohamed Bamba,1
Ligue 1,Lorient,2024,Panos Katseris,1
Ligue 1,Lorient,2024,Vincent Le Goff,1
Ligue 1,Lorient,2024,Siriné Doucouré,1
Ligue 1,Lorient,2024,Souleymane Touré,1
Ligue 1,Lorient,2024,Badredine Bouanani,1
Ligue 1,Lens,2024,Andy Diouf,1
Ligue 1,Lens,2024,Kevin Danso,1
Ligue 1,Lens,2024,Oscar Cortés,1
Ligue 1,Lens,2024,Ruben Aguilar,1
Ligue 1,Lens,2024,Angelo Fulgini,1
Ligue 1,Lens,2024,Facundo Medina,1
Ligue 1,Lens,2024,Jonathan Gradit,1
Ligue 1,Lens,2024,Neil El Aynaoui,1
Ligue 1,Lens,2024,Adrien Thomasson,1
Ligue 1,Clermont Foot,2024,Habib Keita,1
Ligue 1,Clermont Foot,2024,Florent Ogier,1
Ligue 1,Clermont Foot,2024,Yohann Magnin,1
Ligue 1,Clermont Foot,2024,Bilal Boutobba,1
Ligue 1,Clermont Foot,2024,Maxime Gonalons,1
Ligue 1,Clermont Foot,2024,Mateusz Wieteska,1
Ligue 1,Clermont Foot,2024,Chrislain Matsima,1
Ligue 1,Clermont Foot,2024,Cheick Oumar Konaté,1
Ligue 1,Le Havre,2024,Nolan Mbemba,1
Ligue 1,Le Havre,2024,Yoann Salmier,1
Ligue 1,Le Havre,2024,Samuel Grandsir,1
Premier League,Manchester Utd,2024,Antony,1
Premier League,Manchester Utd,2024,Casemiro,1
Premier League,Manchester Utd,2024,Amad Diallo,1
Premier League,Manchester Utd,2024,Mason Mount,1
Premier League,Manchester Utd,2024,Anthony Martial,1
Premier League,Manchester Utd,2024,Hannibal Mejbri,1
Premier League,Manchester Utd,2024,Raphaël Varane,1
Premier League,Manchester Utd,2024,Victor Lindelöf,1
Premier League,Manchester Utd,2024,Christian Eriksen,1
Premier League,Newcastle Utd,2024,Lewis Hall,1
Premier League,Newcastle Utd,2024,Joe Willock,1
Premier League,Newcastle Utd,2024,Lewis Miley,1
Premier League,Newcastle Utd,2024,Matt Ritchie,1
Premier League,Newcastle Utd,2024,Sandro Tonali,1
Premier League,Newcastle Utd,2024,Kieran Trippier,1
Premier League,Newcastle Utd,2024,Jamaal Lascelles,1
Premier League,Newcastle Utd,2024,Valentino Livramento,1
Premier League,Fulham,2024,Tim Ream,1
Premier League,Fulham,2024,Kenny Tete,1
Premier League,Fulham,2024,Tom Cairney,1
Premier League,Fulham,2024,Saša Lukić,1
Premier League,Fulham,2024,Calvin Bassey,1
Premier League,Fulham,2024,Timothy Castagne,1
Premier League,Bournemouth,2024,Alex Scott,1
Premier League,Bournemouth,2024,David Brooks,1
Premier League,Bournemouth,2024,Kieffer Moore,1
Premier League,Bournemouth,2024,Dango Ouattara,1
Premier League,Bournemouth,2024,Illia Zabarnyi,1
Premier League,Wolves,2024,Toti Gomes,1
Premier League,Wolves,2024,Craig Dawson,1
Premier League,Wolves,2024,Matt Doherty,1
Premier League,Liverpool,2024,Wataru Endo,1
Premier League,Liverpool,2024,Curtis Jones,1
Premier League,Liverpool,2024,Conor Bradley,1
Premier League,Liverpool,2024,Ryan Gravenberch,1
Premier League,Arsenal,2024,Fabio Vieira,1
Premier League,Arsenal,2024,Jakub Kiwior,1
Premier League,Arsenal,2024,Oleksandr Zinchenko,1
Premier League,Brighton,2024,Joël Veltman,1
Premier League,Burnley,2024,Sander Berge,1
Premier League,Burnley,2024,Luca Koleosho,1
Premier League,Burnley,2024,Charlie Taylor,1
Premier League,Burnley,2024,Ameen Al-Dakhil,1
Premier League,Burnley,2024,Lorenz Assignon,1
Premier League,Burnley,2024,Jóhann Berg Guðmundsson,1
Premier League,Crystal Palace,2024,Chris Richards,1
Premier League,Crystal Palace,2024,Jefferson Lerma,1
Premier League,Tottenham,2024,Emerson,1
Premier League,Tottenham,2024,Ben Davies,1
Premier League,Tottenham,2024,Alejo Véliz,1
Premier League,Tottenham,2024,Rodrigo Bentancur,1
Premier League,Everton,2024,André Gomes,1
Premier League,Everton,2024,James Garner,1
Premier League,Everton,2024,Lewis Dobbin,1
Premier League,Everton,2024,Michael Keane,1
Premier League,Everton,2024,Arnaut Danjuma,1
Premier League,Everton,2024,James Tarkowski,1
Premier League,West Ham,2024,Danny Ings,1
Premier League,West Ham,2024,Nayef Aguerd,1
Premier League,West Ham,2024,George Earthy,1
Premier League,West Ham,2024,Maxwel Cornet,1
Premier League,West Ham,2024,Edson Álvarez,1
Premier League,West Ham,2024,Mohammed Kudus,1
Premier League,West Ham,2024,Emerson Palmieri,1
Premier League,West Ham,2024,Konstantinos Mavropanos,1
Premier League,Manchester City,2024,Oscar Bobb,1
Premier League,Manchester City,2024,John Stones,1
Premier League,Manchester City,2024,Mateo Kovačić,1
Premier League,Chelsea,2024,Levi Colwill,1
Premier League,Chelsea,2024,Armando Broja,1
Premier League,Chelsea,2024,Alfie Gilchrist,1
Premier League,Chelsea,2024,Moisés Caicedo,1
Premier League,Chelsea,2024,Trevoh Chalobah,1
Premier League,Chelsea,2024,Carney Chukwuemeka,1
Premier League,Sheffield Utd,2024,Jack Robinson,1
Premier League,Sheffield Utd,2024,Oliver Norwood,1
Premier League,Sheffield Utd,2024,Vinicius Souza,1
Premier League,Aston Villa,2024,Ezri Konsa,1
Premier League,Aston Villa,2024,Lucas Digne,1
Premier League,Aston Villa,2024,Jacob Ramsey,1
Premier League,Aston Villa,2024,Leander Dendoncker,1
Premier League,Brentford,2024,Frank Onyeka,1
Premier League,Brentford,2024,Mads Roerslev,1
Premier League,Brentford,2024,Saman Ghoddos,1
Premier League,Brentford,2024,Vitaly Janelt,1
Premier League,Brentford,2024,Nathan Collins,1
Premier League,Brentford,2024,Shandon Baptiste,1
Premier League,Brentford,2024,Mathias Jørgensen,1
Premier League,Nott'ham Forest,2024,Ola Aina,1
Premier League,Nott'ham Forest,2024,Ryan Yates,1
Premier League,Nott'ham Forest,2024,Orel Mangala,1
Premier League,Nott'ham Forest,2024,Harry Toffolo,1
Premier League,Nott'ham Forest,2024,Moussa Niakhate,1
Premier League,Luton Town,2024,Teden Mengi,1
Premier League,Luton Town,2024,Tom Lockyer,1
Premier League,Luton Town,2024,Jordan Clark,1
Premier League,Luton Town,2024,Cauley Woodrow,1
Premier League,Luton Town,2024,Andros Townsend,1
Premier League,Luton Town,2024,Mads Juel Andersen,1
Premier League,Luton Town,2024,Albert Sambi Lokonga,1
La Liga,Valencia,2024,Sergi Canós,1
La Liga,Valencia,2024,Alberto Marí,1
La Liga,Valencia,2024,Jesus Vazquez,1
La Liga,Valencia,2024,Francisco Perez,1
La Liga,Valencia,2024,Hugo Guillamón,1
La Liga,Valencia,2024,José Luis Gayà,1
La Liga,Valencia,2024,Mouctar Diakhaby,1
La Liga,Celta Vigo,2024,Unai Núñez,1
La Liga,Celta Vigo,2024,Carl Starfelt,1
La Liga,Celta Vigo,2024,Carles Pérez,1
La Liga,Celta Vigo,2024,Hugo Álvarez,1
La Liga,Celta Vigo,2024,Tadeo Allende,1
La Liga,Celta Vigo,2024,Luca de la Torre,1
La Liga,Girona,2024,Yan Couto,1
La Liga,Girona,2024,Daley Blind,1
La Liga,Sevilla,2024,Suso,1
La Liga,Sevilla,2024,Djibril Sow,1
La Liga,Sevilla,2024,Marcos Acuña,1
La Liga,Sevilla,2024,Adrià Pedrosa,1
La Liga,Sevilla,2024,Nemanja Gudelj,1
La Liga,Athletic Club,2024,Dani García,1
La Liga,Athletic Club,2024,Aitor Paredes,1
La Liga,Athletic Club,2024,Raúl García,1
La Liga,Athletic Club,2024,Óscar de Marcos,1
La Liga,Athletic Club,2024,Iñigo Ruiz de Galarreta,1
La Liga,Barcelona,2024,Gavi,1
La Liga,Barcelona,2024,Marc Guiu,1
La Liga,Barcelona,2024,Jules Koundé,1
La Liga,Barcelona,2024,Ronald Araújo,1
La Liga,Alavés,2024,Javi López,1
La Liga,Alavés,2024,Ander Guevara,1
La Liga,Alavés,2024,Nahuel Tenaglia,1
La Liga,Alavés,2024,Andoni Gorosabel,1
La Liga,Alavés,2024,Giuliano Simeone,1
La Liga,Alavés,2024,Aleksandar Sedlar,1
La Liga,Alavés,2024,Abderrahman Rebbach,1
La Liga,Atlético Madrid,2024,Saúl Ñíguez,1
La Liga,Getafe,2024,Carmona,1
La Liga,Getafe,2024,Carles Aleñá,1
La Liga,Getafe,2024,Jesús Santiago,1
La Liga,Getafe,2024,Stefan Mitrović,1
La Liga,Las Palmas,2024,Sory Kaba,1
La Liga,Las Palmas,2024,Saúl Coco,1
La Liga,Las Palmas,2024,Julian Araujo,1
La Liga,Las Palmas,2024,Sergi Cardona,1
La Liga,Las Palmas,2024,Benito Ramírez,1
La Liga,Las Palmas,2024,Sandro Ramírez,1
La Liga,Las Palmas,2024,Cristian Herrera,1
La Liga,Betis,2024,Nabil Fekir,1
La Liga,Betis,2024,Juan Miranda,1
La Liga,Betis,2024,Johnny Cardoso,1
La Liga,Betis,2024,Sergi Altimira,1
La Liga,Betis,2024,Ezequiel Ávila,1
La Liga,Betis,2024,Germán Pezzella,1
La Liga,Betis,2024,William Carvalho,1
La Liga,Betis,2024,Abdessamad Ezzalzouli,1
La Liga,Real Sociedad,2024,Jon Pacheco,1
La Liga,Real Sociedad,2024,Arsen Zakharyan,1
La Liga,Villarreal,2024,Juan Foyth,1
La Liga,Villarreal,2024,Aïssa Mandi,1
La Liga,Villarreal,2024,Alfonso Pedraza,1
La Liga,Villarreal,2024,Étienne Capoue,1
La Liga,Villarreal,2024,Bertrand Traoré,1
La Liga,Real Madrid,2024,Toni Kroos,1
La Liga,Real Madrid,2024,Fran Garcia,1
La Liga,Real Madrid,2024,Antonio Rüdiger,1
La Liga,Rayo Vallecano,2024,Abdul Mumin,1
La Liga,Rayo Vallecano,2024,Kike Pérez,1
La Liga,Rayo Vallecano,2024,Pathé Ciss,1
La Liga,Rayo Vallecano,2024,Unai López,1
La Liga,Rayo Vallecano,2024,Randy Ntekja,1
La Liga,Rayo Vallecano,2024,Pep Chavarría,1
La Liga,Rayo Vallecano,2024,Radamel Falcao,1
La Liga,Rayo Vallecano,2024,Raúl de Tomás,1
La Liga,Rayo Vallecano,2024,Óscar Valentín,1
La Liga,Mallorca,2024,Copete,1
La Liga,Mallorca,2024,Samu Costa,1
La Liga,Mallorca,2024,Pablo Maffeo,1
La Liga,Mallorca,2024,Javier Llabrés,1
La Liga,Mallorca,2024,Giovanni González,1
La Liga,Granada,2024,Ignasi Miquel,1
La Liga,Granada,2024,Theo Corbeanu,1
La Liga,Granada,2024,Gonzalo Villar,1
La Liga,Granada,2024,Samuel Omorodion,1
La Liga,Granada,2024,Miguel Ángel Rubio,1
La Liga,Osasuna,2024,Catena,1
La Liga,Osasuna,2024,Nacho Vidal,1
La Liga,Osasuna,2024,Jesús Areso,1
La Liga,Osasuna,2024,Lucas Torró,1
La Liga,Osasuna,2024,Unai García,1
La Liga,Osasuna,2024,Jon Moncayola,1
La Liga,Osasuna,2024,Pablo Ibáñez,1
La Liga,Osasuna,2024,Ezequiel Ávila,1
La Liga,Cádiz,2024,Lucas,1
La Liga,Cádiz,2024,Brian Ocampo,1
La Liga,Cádiz,2024,Javi Hernández,1
La Liga,Cádiz,2024,Luis Hernández,1
La Liga,Cádiz,2024,Roberto Navarro,1
La Liga,Cádiz,2024,Sergi Guardiola,1
La Liga,Cádiz,2024,Fede San Emeterio,1
La Liga,Cádiz,2024,Gonzalo Escalante,1
La Liga,Almería,2024,Kaiky,1
La Liga,Almería,2024,Pubill,1
La Liga,Almería,2024,Bruno Langa,1
La Liga,Almería,2024,Gonzalo Melero,1
La Liga,Almería,2024,Marko Milovanović,1
Fußball-Bundesliga,Bayern Munich,2024,Kim Min-jae,1
Fußball-Bundesliga,Bayern Munich,2024,Joshua Kimmich,1
Fußball-Bundesliga,Bayern Munich,2024,Lovro Zvonarek,1
Fußball-Bundesliga,Bayern Munich,2024,Dayot Upamecano,1
Fußball-Bundesliga,Mainz 05,2024,Tom Krauß,1
Fußball-Bundesliga,Mainz 05,2024,Aymen Barkok,1
Fußball-Bundesliga,Mainz 05,2024,Dominik Kohr,1
Fußball-Bundesliga,Mainz 05,2024,Nadiem Amiri,1
Fußball-Bundesliga,Mainz 05,2024,Karim Onisiwo,1
Fußball-Bundesliga,Mainz 05,2024,Marco Richter,1
Fußball-Bundesliga,Mainz 05,2024,Silvan Widmer,1
Fußball-Bundesliga,Mainz 05,2024,Phillipp Mwene,1
Fußball-Bundesliga,Mainz 05,2024,Andreas Hanche-Olsen,1
Fußball-Bundesliga,Wolfsburg,2024,Rogério,1
Fußball-Bundesliga,Wolfsburg,2024,Ridle Baku,1
Fußball-Bundesliga,Wolfsburg,2024,Lukas Nmecha,1
Fußball-Bundesliga,Wolfsburg,2024,Tiago Tomás,1
Fußball-Bundesliga,Wolfsburg,2024,Kevin Behrens,1
Fußball-Bundesliga,Wolfsburg,2024,Mattias Svanberg,1
Fußball-Bundesliga,Hoffenheim,2024,Marius Bülter,1
Fußball-Bundesliga,Hoffenheim,2024,Florian Grillitsch,1
Fußball-Bundesliga,Freiburg,2024,Manuel Gulde,1
Fußball-Bundesliga,Freiburg,2024,Lukas Kübler,1
Fußball-Bundesliga,Freiburg,2024,Yannik Keitel,1
Fußball-Bundesliga,Freiburg,2024,Nicolas Höfler,1
Fußball-Bundesliga,Freiburg,2024,Noah Weißhaupt,1
Fußball-Bundesliga,Freiburg,2024,Philipp Lienhart,1
Fußball-Bundesliga,Freiburg,2024,Christian Günter,1
Fußball-Bundesliga,Freiburg,2024,Maximilian Philipp,1
Fußball-Bundesliga,Freiburg,2024,Maximilian Eggestein,1
Fußball-Bundesliga,M'Gladbach,2024,Joe Scally,1
Fußball-Bundesliga,M'Gladbach,2024,Kouadio Koné,1
Fußball-Bundesliga,Leverkusen,2024,Odilon Kossonou,1
Fußball-Bundesliga,Leverkusen,2024,Piero Hincapié,1
Fußball-Bundesliga,Werder Bremen,2024,Anthony Jung,1
Fußball-Bundesliga,Werder Bremen,2024,Marco Friedl,1
Fußball-Bundesliga,Werder Bremen,2024,Skelly Alvero,1
Fußball-Bundesliga,Werder Bremen,2024,Julián Malatini,1
Fußball-Bundesliga,Werder Bremen,2024,Leonardo Bittencourt,1
Fußball-Bundesliga,Stuttgart,2024,Angelo Stiller,1
Fußball-Bundesliga,Stuttgart,2024,Mahmoud Dahoud,1
Fußball-Bundesliga,Stuttgart,2024,Dan-Axel Zagadou,1
Fußball-Bundesliga,Stuttgart,2024,Leonidas Stergiou,1
Fußball-Bundesliga,Eint Frankfurt,2024,Tuta,1
Fußball-Bundesliga,Eint Frankfurt,2024,Nacho Ferri,1
Fußball-Bundesliga,Eint Frankfurt,2024,Philipp Max,1
Fußball-Bundesliga,Eint Frankfurt,2024,Aurélio Buta,1
Fußball-Bundesliga,Eint Frankfurt,2024,Hrvoje Smolčić,1
Fußball-Bundesliga,Eint Frankfurt,2024,Randal Kolo Muani,1
Fußball-Bundesliga,Augsburg,2024,Iago,1
Fußball-Bundesliga,Augsburg,2024,Mert Kömür,1
Fußball-Bundesliga,Augsburg,2024,Mads Pedersen,1
Fußball-Bundesliga,Augsburg,2024,Maximilian Bauer,1
Fußball-Bundesliga,Augsburg,2024,Jeffrey Gouweleeuw,1
Fußball-Bundesliga,RB Leipzig,2024,Kevin Kampl,1
Fußball-Bundesliga,RB Leipzig,2024,Castello Lukeba,1
Fußball-Bundesliga,RB Leipzig,2024,Benjamin Henrichs,1
Fußball-Bundesliga,RB Leipzig,2024,Lukas Klostermann,1
Fußball-Bundesliga,Dortmund,2024,Felix Nmecha,1
Fußball-Bundesliga,Dortmund,2024,Niklas Süle,1
Fußball-Bundesliga,Dortmund,2024,Jamie Bynoe-Gittens,1
Fußball-Bundesliga,Köln,2024,Eric Martel,1
Fußball-Bundesliga,Köln,2024,Linton Maina,1
Fußball-Bundesliga,Köln,2024,Jan Thielmann,1
Fußball-Bundesliga,Köln,2024,Max Finkgräfe,1
Fußball-Bundesliga,Köln,2024,Sargis Adamyan,1
Fußball-Bundesliga,Union Berlin,2024,Chris Bedia,1
Fußball-Bundesliga,Union Berlin,2024,Robin Knoche,1
Fußball-Bundesliga,Union Berlin,2024,Janik Haberer,1
Fußball-Bundesliga,Union Berlin,2024,Mikkel Kaufmann,1
Fußball-Bundesliga,Union Berlin,2024,András Schäfer,1
Fußball-Bundesliga,Union Berlin,2024,Leonardo Bonucci,1
Fußball-Bundesliga,Union Berlin,2024,Miloš Pantović,1
Fußball-Bundesliga,Union Berlin,2024,David Datro Fofana,1
Fußball-Bundesliga,Bochum,2024,Bernardo,1
Fußball-Bundesliga,Bochum,2024,Ivan Ordets,1
Fußball-Bundesliga,Bochum,2024,Matúš Bero,1
Fußball-Bundesliga,Bochum,2024,Lukas Daschner,1
Fußball-Bundesliga,Bochum,2024,Anthony Losilla,1
Fußball-Bundesliga,Darmstadt 98,2024,Aaron Seydel,1
Fußball-Bundesliga,Darmstadt 98,2024,Luca Pfeiffer,1
Fußball-Bundesliga,Darmstadt 98,2024,Matej Maglica,1
Fußball-Bundesliga,Darmstadt 98,2024,Mathias Honsak,1
Fußball-Bundesliga,Darmstadt 98,2024,Matthias Bader,1
Fußball-Bundesliga,Darmstadt 98,2024,Fabian Nürnberger,1
Fußball-Bundesliga,Heidenheim,2024,Adrian Beck,1
Fußball-Bundesliga,Heidenheim,2024,Benedikt Gimber,1
Fußball-Bundesliga,Heidenheim,2024,Lennard Maloney,1
Serie A,Juventus,2024,Danilo,1
Serie A,Juventus,2024,Alex Sandro,1
Serie A,Juventus,2024,Fabio Miretti,1
Serie A,Juventus,2024,Manuel Locatelli,1
Serie A,Juventus,2024,Samuel Iling-Junior,1
Serie A,Hellas Verona,2024,Ondrej Duda,1
Serie A,Atalanta,2024,Emil Holm,1
Serie A,Atalanta,2024,Nadir Zortea,1
Serie A,Atalanta,2024,Duván Zapata,1
Serie A,Atalanta,2024,Mitchel Bakker,1
Serie A,Atalanta,2024,Sead Kolašinac,1
Serie A,Atalanta,2024,Giorgio Scalvini,1
Serie A,Udinese,2024,Isaac Success,1
Serie A,Udinese,2024,Jordan Zemura,1
Serie A,Udinese,2024,Sandi Lovrić,1
Serie A,Udinese,2024,Hassane Kamara,1
Serie A,Udinese,2024,Lautaro Gianetti,1
Serie A,Udinese,2024,Christian Kabasele,1
Serie A,Inter,2024,Stefan de Vrij,1
Serie A,Inter,2024,Kristjan Asllani,1
Serie A,Inter,2024,Alessandro Bastoni,1
Serie A,Bologna,2024,Dan Ndoye,1
Serie A,Bologna,2024,Nikola Moro,1
Serie A,Bologna,2024,Sam Beukema,1
Serie A,Bologna,2024,Remo Freuler,1
Serie A,Bologna,2024,Stefan Posch,1
Serie A,Bologna,2024,Santiago Castro,1
Serie A,Lazio,2024,Pedro,1
Serie A,Lazio,2024,Adam Marušić,1
Serie A,Lazio,2024,Danilo Cataldi,1
Serie A,Lazio,2024,Luca Pellegrini,1
Serie A,Sassuolo,2024,Mattia Viti,1
Serie A,Sassuolo,2024,Martin Erlic,1
Serie A,Sassuolo,2024,Daniel Boloca,1
Serie A,Sassuolo,2024,Uroš Račić,1
Serie A,Sassuolo,2024,Cristian Volpato,1
Serie A,Sassuolo,2024,Grégoire Defrel,1
Serie A,Sassuolo,2024,Gian Marco Ferrari,1
Serie A,Cagliari,2024,Jakub Jankto,1
Serie A,Cagliari,2024,Matteo Prati,1
Serie A,Cagliari,2024,Andrea Petagna,1
Serie A,Cagliari,2024,Gabriele Zappa,1
Serie A,Cagliari,2024,Tommaso Augello,1
Serie A,Cagliari,2024,Antoine Makoumbou,1
Serie A,Roma,2024,Tammy Abraham,1
Serie A,Roma,2024,Diego Llorente,1
Serie A,Roma,2024,Renato Sanches,1
Serie A,Roma,2024,Rasmus Kristensen,1
Serie A,Roma,2024,Leonardo Spinazzola,1
Serie A,Fiorentina,2024,Josip Brekalo,1
Serie A,Fiorentina,2024,Michael Kayode,1
Serie A,Fiorentina,2024,Gaetano Castrovilli,1
Serie A,Genoa,2024,Johan Vásquez,1
Serie A,Genoa,2024,Junior Messias,1
Serie A,Genoa,2024,Davide Biraschi,1
Serie A,Milan,2024,Yacine Adli,1
Serie A,Milan,2024,Chaka Traorè,1
Serie A,Milan,2024,Davide Calabria,1
Serie A,Milan,2024,Jan-Carlo Simic,1
Serie A,Milan,2024,Samuel Chukwueze,1
Serie A,Napoli,2024,Juan Jesus,1
Serie A,Napoli,2024,Cyril Ngonge,1
Serie A,Napoli,2024,Gianluca Gaetano,1
Serie A,Napoli,2024,Giovanni Simeone,1
Serie A,Napoli,2024,Mathías Olivera,1
Serie A,Napoli,2024,Giovanni Di Lorenzo,1
Serie A,Napoli,2024,Leo Skiri Østigård,1
Serie A,Torino,2024,Perr Schuurs,1
Serie A,Torino,2024,Samuele Ricci,1
Serie A,Torino,2024,Raoul Bellanova,1
Serie A,Empoli,2024,Alberto Cerri,1
Serie A,Empoli,2024,Emmanuel Gyasi,1
Serie A,Empoli,2024,Jacopo Fazzini,1
Serie A,Empoli,2024,Simone Bastoni,1
Serie A,Empoli,2024,Viktor Kovalenko,1
Serie A,Empoli,2024,Nicolò Cambiaghi,1
Serie A,Empoli,2024,Sebastiano Luperto,1
Serie A,Frosinone,2024,Jaime Báez,1
Serie A,Frosinone,2024,Marvin Cuni,1
Serie A,Frosinone,2024,Nadir Zortea,1
Serie A,Frosinone,2024,Simone Romagnoli,1
Serie A,Frosinone,2024,Arijon Ibrahimović,1
Serie A,Lecce,2024,Hamza Rafia,1
Serie A,Lecce,2024,Joan Gonzàlez,1
Serie A,Lecce,2024,Ylber Ramadani,1
Serie A,Lecce,2024,Gabriel Strefezza,1
Serie A,Lecce,2024,Federico Di Francesco,1
Serie A,Salernitana,2024,Jovane Cabral,1
Serie A,Salernitana,2024,Junior Sambia,1
Serie A,Salernitana,2024,Shon Weissman,1
Serie A,Salernitana,2024,Federico Fazio,1
Serie A,Salernitana,2024,Lorenzo Pirola,1
Serie A,Salernitana,2024,Agustín Martegani,1
Serie A,Salernitana,2024,Chukwubuikem Ikwuemesi,1
Serie A,Monza,2024,Mirko Marić,1
Serie A,Monza,2024,Warren Bondo,1
Serie A,Monza,2024,Andrea Carboni,1
Serie A,Monza,2024,Luca Caldirola,1
Serie A,Monza,2024,Samuele Vignato,1
Serie A,Monza,2024,Roberto Gagliardini,1
